zone,date,pH,TDS,turbidity,hardness,chloride,fluoride,nitrate
Vijay Nagar,2025-01-01,6.98,518.27,1.35,260.53,229.34,0.82,29.43
Vijay Nagar,2025-01-02,7.1,273.01,0.89,159.36,292.0,0.72,16.82
Vijay Nagar,2025-01-03,7.29,551.73,2.61,229.71,278.56,0.82,29.0
Vijay Nagar,2025-01-04,7.53,257.88,0.92,149.6,107.69,0.77,10.23
Vijay Nagar,2025-01-05,9.51,623.24,1.32,254.09,199.36,0.55,49.61
Vijay Nagar,2025-01-06,7.35,521.23,0.23,226.2,243.04,0.78,47.18
Vijay Nagar,2025-01-07,7.4,362.14,0.73,172.65,141.71,0.56,7.93
Vijay Nagar,2025-01-08,7.58,222.56,0.31,174.38,204.25,0.64,28.03
Vijay Nagar,2025-01-09,7.54,355.69,0.85,160.15,284.89,0.51,16.81
Vijay Nagar,2025-01-10,7.18,306.09,0.49,152.75,70.5,0.62,22.86
Vijay Nagar,2025-01-11,7.19,569.25,1.08,188.66,305.1,1.24,41.86
Vijay Nagar,2025-01-12,7.31,306.8,0.74,128.94,136.89,0.59,8.29
Vijay Nagar,2025-01-13,6.94,762.19,2.1,279.76,445.29,1.24,69.3
Vijay Nagar,2025-01-14,7.29,746.36,2.43,165.69,397.35,1.32,114.26
Vijay Nagar,2025-01-15,7.37,281.87,0.44,137.36,163.59,0.65,26.14
Vijay Nagar,2025-01-16,7.77,842.39,1.59,398.2,259.81,1.51,108.81
Vijay Nagar,2025-01-17,7.03,364.62,0.89,176.21,150.37,0.6,25.19
Vijay Nagar,2025-01-18,6.77,235.64,0.86,126.5,137.12,0.77,10.15
Vijay Nagar,2025-01-19,9.15,1157.05,2.18,285.59,256.0,1.72,90.99
Vijay Nagar,2025-01-20,7.92,745.09,2.85,252.4,423.23,1.4,50.71
Vijay Nagar,2025-01-21,7.26,214.82,0.76,189.75,179.38,0.51,13.99
Vijay Nagar,2025-01-22,7.78,873.41,2.91,357.54,589.68,1.21,49.93
Vijay Nagar,2025-01-23,7.51,283.23,0.79,166.14,259.38,0.66,8.75
Vijay Nagar,2025-01-24,8.38,507.24,2.98,284.36,471.4,1.47,63.54
Vijay Nagar,2025-01-25,8.15,839.87,3.55,276.05,307.4,1.12,79.2
Vijay Nagar,2025-01-26,7.76,373.94,1.28,212.91,189.99,1.04,46.41
Vijay Nagar,2025-01-27,7.08,645.84,1.7,179.8,291.31,1.01,38.36
Vijay Nagar,2025-01-28,8.27,548.51,1.82,257.7,315.6,0.87,49.38
Vijay Nagar,2025-01-29,7.81,377.29,1.18,183.27,144.81,1.04,31.78
Vijay Nagar,2025-01-30,7.23,266.96,0.77,151.93,106.89,0.54,25.44
Vijay Nagar,2025-01-31,9.25,701.21,1.95,251.44,271.06,1.06,53.72
Vijay Nagar,2025-02-01,6.98,244.52,0.53,165.15,184.63,0.47,17.32
Vijay Nagar,2025-02-02,7.31,187.14,0.74,187.99,165.09,0.9,9.39
Vijay Nagar,2025-02-03,7.85,388.68,0.41,163.31,180.99,0.51,19.52
Vijay Nagar,2025-02-04,6.86,467.39,0.1,144.99,378.01,1.28,36.07
Vijay Nagar,2025-02-05,7.4,619.58,1.21,160.92,302.35,1.0,29.0
Vijay Nagar,2025-02-06,7.43,308.83,0.17,188.42,125.39,0.97,25.49
Vijay Nagar,2025-02-07,7.75,513.72,0.86,199.59,235.49,0.8,50.74
Vijay Nagar,2025-02-08,7.53,401.68,0.62,167.44,124.81,0.78,24.41
Vijay Nagar,2025-02-09,8.01,696.24,2.62,389.44,340.84,1.49,60.96
Vijay Nagar,2025-02-10,9.25,620.89,2.09,318.31,401.21,1.63,54.54
Vijay Nagar,2025-02-11,8.92,758.35,2.37,306.79,459.52,1.01,106.85
Vijay Nagar,2025-02-12,7.62,216.23,0.7,170.01,122.03,0.65,3.28
Vijay Nagar,2025-02-13,9.37,551.41,2.18,328.91,343.63,1.01,69.87
Vijay Nagar,2025-02-14,7.05,314.27,0.66,176.18,196.17,0.58,14.69
Vijay Nagar,2025-02-15,7.68,321.76,0.85,175.73,143.6,0.65,11.98
Vijay Nagar,2025-02-16,6.96,296.63,0.8,173.13,169.71,0.66,8.44
Vijay Nagar,2025-02-17,7.94,740.34,2.51,306.84,322.7,1.31,74.96
Vijay Nagar,2025-02-18,7.42,703.2,1.86,300.8,262.23,1.19,16.21
Vijay Nagar,2025-02-19,7.47,151.33,0.44,127.23,156.02,0.7,35.01
Vijay Nagar,2025-02-20,8.07,596.46,1.61,283.83,319.02,0.92,36.9
Vijay Nagar,2025-02-21,8.24,391.64,3.85,291.98,523.78,0.74,53.01
Vijay Nagar,2025-02-22,7.29,321.16,0.85,159.37,137.48,0.41,9.05
Vijay Nagar,2025-02-23,8.05,295.91,1.9,226.62,217.61,1.34,39.74
Vijay Nagar,2025-02-24,7.81,618.39,1.76,218.3,198.57,0.88,60.34
Vijay Nagar,2025-02-25,7.51,374.09,0.2,114.5,68.43,0.61,25.74
Vijay Nagar,2025-02-26,7.38,640.13,1.74,226.54,268.97,1.15,33.78
Vijay Nagar,2025-02-27,7.48,327.86,2.41,208.69,466.97,1.43,46.2
Vijay Nagar,2025-02-28,7.46,279.65,0.96,140.42,132.13,0.58,13.48
Vijay Nagar,2025-03-01,7.0,292.51,0.34,133.39,102.08,0.94,20.28
Vijay Nagar,2025-03-02,7.38,384.32,0.72,131.39,120.54,0.74,15.62
Vijay Nagar,2025-03-03,6.9,298.18,1.95,292.25,252.57,1.09,42.67
Vijay Nagar,2025-03-04,7.07,489.54,2.04,87.16,213.26,0.72,35.2
Vijay Nagar,2025-03-05,7.67,402.41,0.61,294.36,331.71,0.95,60.2
Vijay Nagar,2025-03-06,8.03,371.02,0.46,197.46,134.48,0.55,31.17
Vijay Nagar,2025-03-07,6.85,312.17,1.51,177.47,235.9,0.8,25.04
Vijay Nagar,2025-03-08,6.32,347.92,0.63,147.45,159.49,0.69,14.21
Vijay Nagar,2025-03-09,7.35,491.92,1.61,126.53,308.04,0.78,46.56
Vijay Nagar,2025-03-10,7.88,151.09,0.95,194.66,163.3,1.15,20.91
Vijay Nagar,2025-03-11,7.87,401.78,1.23,166.98,243.08,1.2,29.35
Vijay Nagar,2025-03-12,7.59,354.01,0.41,223.02,79.19,0.5,21.36
Vijay Nagar,2025-03-13,7.23,306.06,0.52,185.03,160.18,0.7,16.7
Vijay Nagar,2025-03-14,7.09,277.67,0.66,181.05,61.68,0.7,17.84
Vijay Nagar,2025-03-15,8.92,333.14,1.49,169.04,364.85,1.31,98.53
Vijay Nagar,2025-03-16,7.12,357.62,0.73,152.87,114.61,0.69,21.32
Vijay Nagar,2025-03-17,8.07,520.62,0.97,241.64,428.95,1.0,41.72
Vijay Nagar,2025-03-18,6.82,242.81,0.85,162.06,136.1,0.77,30.3
Vijay Nagar,2025-03-19,7.04,352.99,0.37,176.09,204.23,0.71,35.01
Vijay Nagar,2025-03-20,6.83,264.1,0.58,175.07,114.37,0.3,21.44
Vijay Nagar,2025-03-21,9.42,493.13,1.6,234.05,285.67,0.75,45.07
Vijay Nagar,2025-03-22,6.83,706.42,1.3,215.0,263.68,1.15,76.08
Vijay Nagar,2025-03-23,8.04,461.04,0.97,159.39,154.16,1.16,39.1
Vijay Nagar,2025-03-24,8.53,381.78,0.37,196.96,191.22,0.91,37.9
Vijay Nagar,2025-03-25,6.84,452.29,1.58,302.45,348.86,0.88,21.4
Vijay Nagar,2025-03-26,7.2,311.08,0.41,154.48,118.7,0.75,19.08
Vijay Nagar,2025-03-27,7.25,297.71,0.44,128.61,154.26,0.61,32.03
Vijay Nagar,2025-03-28,6.35,331.12,0.55,220.19,290.29,0.89,35.75
Vijay Nagar,2025-03-29,7.38,222.26,0.9,178.07,200.86,0.76,10.97
Vijay Nagar,2025-03-30,7.23,290.88,0.65,118.4,135.97,0.62,26.51
Vijay Nagar,2025-03-31,7.88,635.03,3.66,224.33,461.59,1.51,58.81
Vijay Nagar,2025-04-01,6.62,423.53,0.3,125.51,202.63,0.39,26.05
Vijay Nagar,2025-04-02,6.78,230.17,2.13,220.55,263.23,0.81,43.99
Vijay Nagar,2025-04-03,8.93,694.43,2.16,394.22,615.52,1.54,52.54
Vijay Nagar,2025-04-04,8.17,703.32,2.85,262.22,322.17,1.37,45.43
Vijay Nagar,2025-04-05,7.9,350.23,0.46,165.81,214.82,0.89,11.97
Vijay Nagar,2025-04-06,8.68,368.64,1.22,256.26,402.61,1.48,50.49
Vijay Nagar,2025-04-07,6.7,340.67,0.25,126.05,203.65,0.52,24.59
Vijay Nagar,2025-04-08,6.56,539.2,1.3,167.08,319.02,0.81,39.83
Vijay Nagar,2025-04-09,6.6,598.45,1.01,222.13,282.59,0.87,67.63
Vijay Nagar,2025-04-10,7.67,564.93,0.89,241.62,338.08,1.11,14.45
Palasia,2025-01-01,6.84,452.85,1.79,215.98,327.17,1.1,57.29
Palasia,2025-01-02,8.98,687.37,0.84,330.07,420.77,1.4,39.47
Palasia,2025-01-03,8.65,661.61,3.63,294.37,353.45,1.61,36.9
Palasia,2025-01-04,7.38,315.55,0.45,187.67,114.22,0.62,16.48
Palasia,2025-01-05,7.28,605.23,1.68,224.15,175.54,1.1,48.7
Palasia,2025-01-06,8.43,606.89,3.91,460.92,363.72,1.14,94.07
Palasia,2025-01-07,7.13,575.24,1.03,169.76,199.57,0.69,8.99
Palasia,2025-01-08,6.92,598.12,1.08,207.53,317.24,0.67,43.74
Palasia,2025-01-09,9.04,991.8,0.93,305.18,348.25,1.09,76.11
Palasia,2025-01-10,7.3,650.46,0.89,168.38,303.0,0.81,47.49
Palasia,2025-01-11,8.03,365.65,0.38,154.94,135.5,0.74,24.35
Palasia,2025-01-12,8.4,458.77,0.76,141.03,218.83,0.94,64.92
Palasia,2025-01-13,7.44,225.74,0.05,123.89,198.23,0.7,30.59
Palasia,2025-01-14,6.96,550.07,1.0,239.53,347.61,1.16,45.61
Palasia,2025-01-15,8.36,663.8,0.84,234.03,244.08,0.74,27.66
Palasia,2025-01-16,8.67,705.17,3.78,313.38,404.64,0.82,79.93
Palasia,2025-01-17,8.67,505.64,1.35,189.93,307.66,0.96,56.13
Palasia,2025-01-18,7.61,619.64,2.69,375.15,297.35,1.35,51.0
Palasia,2025-01-19,7.39,495.34,1.4,183.71,260.83,0.44,48.98
Palasia,2025-01-20,8.4,306.24,0.05,232.0,234.86,0.69,48.63
Palasia,2025-01-21,7.59,391.74,0.51,115.59,145.42,0.74,10.18
Palasia,2025-01-22,7.78,296.81,0.6,142.76,164.08,0.46,31.55
Palasia,2025-01-23,8.68,694.79,2.77,283.9,470.77,1.55,74.2
Palasia,2025-01-24,8.09,503.58,1.59,205.51,370.81,0.78,65.01
Palasia,2025-01-25,6.94,299.0,0.23,166.94,124.62,0.8,17.78
Palasia,2025-01-26,7.19,268.34,0.07,102.48,180.42,0.77,23.4
Palasia,2025-01-27,8.39,597.22,2.24,271.77,640.2,1.29,75.5
Palasia,2025-01-28,7.82,314.59,0.14,142.58,122.72,0.5,17.75
Palasia,2025-01-29,8.34,554.8,0.93,187.75,289.29,0.75,65.18
Palasia,2025-01-30,8.6,861.13,3.14,373.47,346.48,1.76,68.95
Palasia,2025-01-31,7.96,741.9,1.0,220.23,197.79,0.82,47.28
Palasia,2025-02-01,8.43,687.31,1.44,211.9,278.4,1.1,22.66
Palasia,2025-02-02,7.58,292.25,0.74,176.19,75.43,0.51,7.51
Palasia,2025-02-03,9.5,894.16,2.46,287.92,488.37,1.53,33.47
Palasia,2025-02-04,8.69,474.31,3.88,354.39,440.16,1.06,71.48
Palasia,2025-02-05,7.51,545.23,1.0,248.58,70.6,1.24,11.9
Palasia,2025-02-06,7.33,293.92,0.71,112.63,194.31,0.54,7.55
Palasia,2025-02-07,7.1,305.38,0.29,179.89,130.25,0.42,16.58
Palasia,2025-02-08,7.16,542.48,1.67,271.13,355.02,0.93,43.44
Palasia,2025-02-09,9.11,653.37,2.3,294.99,396.28,1.55,66.04
Palasia,2025-02-10,7.15,227.55,0.51,163.45,126.45,0.65,21.11
Palasia,2025-02-11,8.65,879.64,0.05,446.19,386.04,1.69,44.2
Palasia,2025-02-12,7.3,254.45,0.76,145.08,171.89,0.51,19.75
Palasia,2025-02-13,9.0,504.13,1.78,265.28,353.09,1.11,20.85
Palasia,2025-02-14,7.2,515.6,1.75,197.38,293.84,1.31,46.47
Palasia,2025-02-15,7.93,622.74,0.52,239.87,319.08,0.88,58.64
Palasia,2025-02-16,8.47,514.84,1.22,184.94,311.48,1.84,33.95
Palasia,2025-02-17,7.5,677.04,1.76,175.59,427.67,1.2,33.13
Palasia,2025-02-18,7.4,477.61,0.56,133.36,371.18,0.49,72.93
Palasia,2025-02-19,8.8,807.06,3.35,353.13,428.12,1.34,63.75
Palasia,2025-02-20,7.13,338.72,0.54,121.49,115.18,0.5,27.77
Palasia,2025-02-21,7.3,590.2,0.34,160.52,335.85,0.7,34.63
Palasia,2025-02-22,6.86,338.57,0.92,156.67,156.42,0.51,31.18
Palasia,2025-02-23,7.65,495.03,0.96,216.11,308.03,0.96,38.61
Palasia,2025-02-24,7.37,209.25,0.78,140.97,138.99,0.76,25.98
Palasia,2025-02-25,6.95,279.35,0.8,129.8,161.16,0.52,37.16
Palasia,2025-02-26,8.04,391.81,1.01,232.68,355.72,1.36,14.95
Palasia,2025-02-27,7.87,469.41,2.62,169.82,384.74,1.37,29.7
Palasia,2025-02-28,7.9,415.9,0.31,238.17,192.95,0.77,29.2
Palasia,2025-03-01,7.57,508.05,0.34,226.54,328.35,0.45,43.61
Palasia,2025-03-02,8.15,713.59,1.06,296.34,276.75,0.78,23.14
Palasia,2025-03-03,8.11,466.65,0.7,173.22,356.53,1.22,47.14
Palasia,2025-03-04,8.11,446.71,2.57,354.61,407.52,1.73,50.02
Palasia,2025-03-05,8.52,724.04,2.35,349.57,495.67,1.02,38.38
Palasia,2025-03-06,7.23,349.57,0.38,101.97,236.23,0.48,26.69
Palasia,2025-03-07,7.72,489.82,1.15,255.95,249.68,1.02,42.83
Palasia,2025-03-08,8.12,657.46,1.31,275.29,296.34,1.76,66.01
Palasia,2025-03-09,8.49,695.5,3.32,397.31,455.78,1.3,38.76
Palasia,2025-03-10,7.46,360.92,1.48,212.7,143.83,0.79,2.0
Palasia,2025-03-11,7.3,215.32,0.67,195.92,198.75,0.62,31.93
Palasia,2025-03-12,7.0,271.23,0.48,128.8,162.1,0.56,20.13
Palasia,2025-03-13,8.0,778.65,3.69,366.47,251.51,0.41,83.69
Palasia,2025-03-14,7.16,369.26,0.45,114.87,198.31,0.6,27.03
Palasia,2025-03-15,7.47,259.64,0.05,133.61,165.67,0.43,21.47
Palasia,2025-03-16,6.85,297.83,0.16,211.82,102.28,0.64,29.35
Palasia,2025-03-17,7.14,315.37,0.31,283.56,255.35,0.78,53.6
Palasia,2025-03-18,6.66,431.19,1.15,256.07,368.74,1.25,42.15
Palasia,2025-03-19,8.22,483.84,0.79,233.0,222.56,1.45,40.05
Palasia,2025-03-20,7.28,268.16,0.39,188.96,110.76,0.45,25.44
Palasia,2025-03-21,7.61,383.0,0.69,179.88,119.73,0.44,32.01
Palasia,2025-03-22,7.3,235.21,0.68,186.74,126.67,0.66,31.64
Palasia,2025-03-23,9.39,796.89,3.57,274.45,316.08,0.93,25.67
Palasia,2025-03-24,8.08,497.72,0.93,193.43,284.73,0.91,17.89
Palasia,2025-03-25,8.9,669.92,2.78,282.59,560.73,1.47,79.7
Palasia,2025-03-26,7.83,790.52,2.83,302.12,390.56,1.27,81.25
Palasia,2025-03-27,7.4,386.68,0.55,159.26,218.09,0.69,40.81
Palasia,2025-03-28,7.83,343.65,0.62,177.01,125.1,0.72,18.0
Palasia,2025-03-29,7.19,285.37,0.38,132.58,173.54,0.9,23.16
Palasia,2025-03-30,7.37,346.77,1.35,282.74,168.51,0.67,31.19
Palasia,2025-03-31,7.95,1010.85,2.1,315.73,493.26,0.8,29.78
Palasia,2025-04-01,8.46,411.24,1.3,168.21,425.0,0.88,39.9
Palasia,2025-04-02,7.25,727.38,1.86,261.2,311.48,1.14,29.73
Palasia,2025-04-03,8.43,402.09,1.72,244.1,75.85,1.15,31.52
Palasia,2025-04-04,7.12,470.08,1.13,285.67,314.16,0.69,65.81
Palasia,2025-04-05,7.47,511.4,1.83,194.79,353.9,0.47,19.2
Palasia,2025-04-06,7.93,496.91,0.23,226.16,259.67,0.83,14.08
Palasia,2025-04-07,8.2,772.32,2.31,397.33,288.86,1.28,69.11
Palasia,2025-04-08,7.45,679.35,0.95,179.89,302.81,0.7,42.53
Palasia,2025-04-09,8.59,721.87,1.52,237.53,435.5,1.22,48.19
Palasia,2025-04-10,7.89,968.68,2.23,298.5,325.28,0.45,82.68
Bhawarkuan,2025-01-01,7.86,490.48,1.59,214.84,262.33,0.8,51.27
Bhawarkuan,2025-01-02,7.89,842.97,1.25,320.55,264.34,1.46,64.29
Bhawarkuan,2025-01-03,7.17,442.17,0.97,182.91,314.31,0.84,53.26
Bhawarkuan,2025-01-04,8.13,330.02,0.69,155.29,135.32,0.53,20.69
Bhawarkuan,2025-01-05,6.88,473.04,0.95,310.5,393.89,0.69,27.34
Bhawarkuan,2025-01-06,7.75,458.05,1.96,177.7,214.06,0.83,23.7
Bhawarkuan,2025-01-07,7.6,717.1,2.14,335.8,431.75,1.29,63.78
Bhawarkuan,2025-01-08,8.0,667.51,5.69,320.91,324.82,1.15,87.97
Bhawarkuan,2025-01-09,7.39,736.12,2.86,395.79,518.81,1.49,80.31
Bhawarkuan,2025-01-10,7.58,538.17,0.73,177.82,342.1,0.87,31.95
Bhawarkuan,2025-01-11,7.3,353.26,0.51,115.1,120.57,0.68,21.53
Bhawarkuan,2025-01-12,7.86,470.44,1.45,156.88,299.98,0.9,52.79
Bhawarkuan,2025-01-13,7.21,281.32,0.91,156.72,117.79,0.74,22.17
Bhawarkuan,2025-01-14,7.9,359.21,1.83,275.86,261.74,0.42,28.88
Bhawarkuan,2025-01-15,7.38,599.12,1.5,168.01,230.43,0.85,28.06
Bhawarkuan,2025-01-16,7.28,919.09,4.02,369.88,356.84,1.44,64.52
Bhawarkuan,2025-01-17,7.94,385.19,1.86,153.93,241.86,1.08,30.36
Bhawarkuan,2025-01-18,8.21,495.17,2.27,159.98,222.56,1.08,40.69
Bhawarkuan,2025-01-19,8.8,820.14,1.29,358.4,427.27,1.53,45.67
Bhawarkuan,2025-01-20,7.8,612.85,1.13,101.37,329.32,0.82,36.64
Bhawarkuan,2025-01-21,8.28,775.9,2.06,352.54,419.6,1.41,82.77
Bhawarkuan,2025-01-22,7.02,325.71,0.92,143.3,136.03,0.65,17.57
Bhawarkuan,2025-01-23,6.66,573.51,1.78,166.8,299.98,1.17,51.54
Bhawarkuan,2025-01-24,7.28,292.69,0.52,152.1,196.48,0.51,21.91
Bhawarkuan,2025-01-25,7.29,344.94,0.68,230.63,77.6,0.55,31.79
Bhawarkuan,2025-01-26,7.47,463.51,1.72,290.61,362.04,1.36,49.13
Bhawarkuan,2025-01-27,6.86,302.11,0.5,77.92,166.97,0.67,31.83
Bhawarkuan,2025-01-28,8.1,405.28,1.31,172.88,177.6,0.8,37.44
Bhawarkuan,2025-01-29,7.12,155.25,0.64,112.8,114.23,0.55,18.36
Bhawarkuan,2025-01-30,7.2,278.36,0.4,159.58,203.62,0.37,20.92
Bhawarkuan,2025-01-31,7.97,665.02,1.61,318.81,410.35,0.54,64.63
Bhawarkuan,2025-02-01,8.99,572.49,0.99,173.78,241.59,1.39,75.17
Bhawarkuan,2025-02-02,8.3,414.92,1.28,179.26,220.42,1.04,25.52
Bhawarkuan,2025-02-03,6.26,454.66,0.66,203.44,275.38,0.89,28.25
Bhawarkuan,2025-02-04,9.07,908.28,3.68,178.62,420.67,1.57,72.63
Bhawarkuan,2025-02-05,7.42,219.94,0.57,149.0,141.68,0.63,4.95
Bhawarkuan,2025-02-06,6.43,567.92,1.67,274.37,302.97,1.16,65.6
Bhawarkuan,2025-02-07,6.94,370.04,0.42,191.77,140.0,0.69,22.08
Bhawarkuan,2025-02-08,7.4,575.23,0.66,381.99,558.56,1.57,45.26
Bhawarkuan,2025-02-09,7.72,222.6,0.51,140.76,181.19,0.85,31.17
Bhawarkuan,2025-02-10,7.6,394.35,1.81,150.83,155.98,1.27,66.37
Bhawarkuan,2025-02-11,7.04,266.83,0.55,166.39,150.26,0.58,19.12
Bhawarkuan,2025-02-12,6.82,274.67,0.19,139.35,146.26,0.68,21.92
Bhawarkuan,2025-02-13,8.9,680.69,2.95,190.04,287.32,0.88,67.86
Bhawarkuan,2025-02-14,8.72,510.05,1.08,271.39,195.56,0.73,19.08
Bhawarkuan,2025-02-15,7.92,343.73,3.25,224.91,423.92,2.03,46.61
Bhawarkuan,2025-02-16,7.89,587.94,2.28,266.37,238.65,0.63,37.55
Bhawarkuan,2025-02-17,7.33,510.45,1.46,264.29,276.86,1.03,32.13
Bhawarkuan,2025-02-18,6.97,361.12,0.53,114.82,149.46,0.71,22.04
Bhawarkuan,2025-02-19,8.38,371.31,0.84,180.22,366.21,0.42,85.07
Bhawarkuan,2025-02-20,8.48,439.57,1.43,284.6,351.61,0.9,35.97
Bhawarkuan,2025-02-21,8.35,558.71,1.31,209.06,242.8,1.23,52.21
Bhawarkuan,2025-02-22,7.43,390.35,1.83,183.42,207.4,0.78,29.97
Bhawarkuan,2025-02-23,7.5,350.76,0.65,130.76,167.28,0.77,26.03
Bhawarkuan,2025-02-24,8.08,533.96,0.78,220.59,212.58,0.94,13.4
Bhawarkuan,2025-02-25,6.63,244.53,0.49,93.19,158.53,0.65,13.46
Bhawarkuan,2025-02-26,8.3,714.85,2.34,250.33,300.2,1.03,82.46
Bhawarkuan,2025-02-27,8.05,849.31,2.31,281.48,199.61,1.52,40.21
Bhawarkuan,2025-02-28,7.49,916.56,1.65,323.45,400.8,1.65,108.75
Bhawarkuan,2025-03-01,6.86,505.16,0.93,250.36,201.85,1.07,45.58
Bhawarkuan,2025-03-02,6.95,487.83,0.79,254.5,141.67,0.94,43.03
Bhawarkuan,2025-03-03,6.87,242.43,0.77,150.01,149.63,0.6,21.24
Bhawarkuan,2025-03-04,7.93,902.61,2.23,245.57,472.87,1.13,85.55
Bhawarkuan,2025-03-05,8.03,853.16,2.36,327.33,389.68,1.39,53.34
Bhawarkuan,2025-03-06,8.72,320.63,1.49,169.18,283.41,0.97,22.17
Bhawarkuan,2025-03-07,7.57,343.1,0.79,145.82,131.99,0.65,24.81
Bhawarkuan,2025-03-08,6.76,454.87,0.43,139.18,356.46,0.87,32.05
Bhawarkuan,2025-03-09,8.01,604.69,1.16,243.52,194.97,0.56,50.27
Bhawarkuan,2025-03-10,7.65,356.7,0.77,108.94,211.92,0.54,21.54
Bhawarkuan,2025-03-11,7.15,261.91,0.52,151.23,109.91,0.76,15.89
Bhawarkuan,2025-03-12,6.67,220.63,0.51,70.84,181.16,0.29,19.38
Bhawarkuan,2025-03-13,7.71,482.7,1.5,150.96,348.0,1.13,48.77
Bhawarkuan,2025-03-14,7.55,503.07,1.74,172.89,118.69,1.01,52.83
Bhawarkuan,2025-03-15,7.66,731.2,2.74,284.38,548.99,0.74,48.43
Bhawarkuan,2025-03-16,6.94,244.21,0.88,146.77,122.2,0.64,24.3
Bhawarkuan,2025-03-17,7.22,211.79,0.43,138.74,137.29,0.84,24.46
Bhawarkuan,2025-03-18,7.91,435.65,0.49,288.91,188.1,1.16,47.58
Bhawarkuan,2025-03-19,7.12,369.11,0.53,140.4,156.07,0.52,36.72
Bhawarkuan,2025-03-20,7.21,340.92,0.55,101.21,128.8,0.68,26.73
Bhawarkuan,2025-03-21,7.3,214.58,2.04,138.8,251.33,0.84,46.83
Bhawarkuan,2025-03-22,8.43,759.73,2.08,186.78,328.34,1.35,68.25
Bhawarkuan,2025-03-23,7.21,329.81,0.55,130.76,169.51,0.92,18.47
Bhawarkuan,2025-03-24,7.69,382.27,0.6,113.91,149.75,0.88,24.95
Bhawarkuan,2025-03-25,7.13,212.47,0.67,176.47,131.92,0.58,22.13
Bhawarkuan,2025-03-26,7.69,421.61,0.76,226.95,216.94,0.56,17.84
Bhawarkuan,2025-03-27,7.52,364.02,3.51,252.08,479.06,0.61,82.85
Bhawarkuan,2025-03-28,7.24,408.27,0.36,211.63,284.97,0.9,14.9
Bhawarkuan,2025-03-29,8.99,674.07,1.26,165.06,176.88,0.9,51.82
Bhawarkuan,2025-03-30,8.2,75.14,2.91,207.21,344.93,0.94,57.68
Bhawarkuan,2025-03-31,7.36,117.71,0.59,163.1,166.17,0.84,11.43
Bhawarkuan,2025-04-01,7.88,776.08,2.61,373.68,342.71,0.72,78.8
Bhawarkuan,2025-04-02,6.3,223.89,0.33,170.38,104.05,0.75,23.7
Bhawarkuan,2025-04-03,7.01,336.21,1.67,238.98,237.78,0.67,59.9
Bhawarkuan,2025-04-04,6.58,490.24,0.76,168.48,306.58,1.05,59.02
Bhawarkuan,2025-04-05,7.53,842.73,3.47,356.24,403.33,0.97,18.82
Bhawarkuan,2025-04-06,8.49,796.21,3.39,277.55,579.52,1.38,74.95
Bhawarkuan,2025-04-07,8.17,821.79,1.96,337.8,270.09,0.87,86.16
Bhawarkuan,2025-04-08,8.31,479.33,1.57,155.41,242.9,1.12,50.74
Bhawarkuan,2025-04-09,7.66,534.58,1.63,159.93,283.52,1.28,65.29
Bhawarkuan,2025-04-10,8.42,788.56,1.97,149.27,509.72,1.13,47.74
Khajrana,2025-01-01,7.33,356.69,0.42,173.16,194.46,0.94,20.56
Khajrana,2025-01-02,6.98,227.94,0.28,104.33,194.51,0.56,32.27
Khajrana,2025-01-03,6.95,365.24,0.91,130.28,132.71,0.63,24.33
Khajrana,2025-01-04,7.6,614.09,2.0,192.01,177.18,0.85,41.9
Khajrana,2025-01-05,7.02,183.21,0.28,152.32,210.54,0.56,14.86
Khajrana,2025-01-06,8.81,300.42,0.84,205.83,168.52,0.72,22.94
Khajrana,2025-01-07,7.76,527.51,1.15,219.28,283.81,0.75,60.48
Khajrana,2025-01-08,7.64,356.8,0.32,174.56,211.52,0.48,12.66
Khajrana,2025-01-09,7.56,513.22,2.12,246.24,209.48,1.37,38.66
Khajrana,2025-01-10,7.11,340.04,0.54,183.73,136.64,0.73,11.84
Khajrana,2025-01-11,7.92,674.63,2.82,313.28,239.45,1.15,98.55
Khajrana,2025-01-12,7.03,422.47,0.83,111.23,177.59,0.57,22.11
Khajrana,2025-01-13,7.33,339.76,0.41,123.88,218.2,0.6,32.92
Khajrana,2025-01-14,7.55,334.98,0.64,152.28,179.71,0.72,10.1
Khajrana,2025-01-15,8.48,1008.15,2.31,256.63,415.38,1.57,30.64
Khajrana,2025-01-16,7.89,516.46,1.6,198.46,371.73,0.62,48.39
Khajrana,2025-01-17,7.51,333.6,3.04,312.9,352.09,0.68,51.19
Khajrana,2025-01-18,7.7,420.83,1.99,147.17,326.92,0.88,33.8
Khajrana,2025-01-19,7.39,227.28,0.58,154.95,122.23,0.7,11.94
Khajrana,2025-01-20,6.81,506.44,0.8,109.47,97.1,0.72,24.38
Khajrana,2025-01-21,6.96,316.4,1.59,210.45,344.54,0.41,16.99
Khajrana,2025-01-22,8.41,865.92,2.98,329.41,460.69,2.02,42.38
Khajrana,2025-01-23,6.85,337.43,0.34,172.31,154.48,0.91,17.75
Khajrana,2025-01-24,7.98,453.96,1.03,331.34,300.31,0.61,29.53
Khajrana,2025-01-25,7.24,331.15,0.13,192.39,203.67,0.3,28.69
Khajrana,2025-01-26,7.57,115.5,0.55,159.83,186.97,0.5,20.69
Khajrana,2025-01-27,7.48,385.27,1.44,169.7,236.9,0.63,36.02
Khajrana,2025-01-28,7.81,444.04,1.17,341.04,192.16,1.32,52.95
Khajrana,2025-01-29,7.64,309.24,0.62,160.15,66.57,0.62,18.09
Khajrana,2025-01-30,7.7,244.0,0.54,187.12,131.71,0.64,20.46
Khajrana,2025-01-31,7.1,365.85,0.65,151.33,157.66,0.57,18.45
Khajrana,2025-02-01,8.04,362.22,3.12,255.52,281.03,1.08,61.31
Khajrana,2025-02-02,8.85,446.06,1.91,258.4,255.37,1.48,42.03
Khajrana,2025-02-03,7.73,332.01,0.84,171.14,181.56,0.66,31.28
Khajrana,2025-02-04,7.58,406.83,0.41,165.86,156.03,0.63,22.85
Khajrana,2025-02-05,8.52,1005.99,3.57,313.34,494.13,0.94,72.96
Khajrana,2025-02-06,7.06,591.99,0.85,159.6,216.93,0.78,50.76
Khajrana,2025-02-07,7.6,371.07,2.04,235.54,342.14,0.79,50.82
Khajrana,2025-02-08,7.76,473.66,0.42,265.25,212.78,0.8,22.8
Khajrana,2025-02-09,8.16,581.78,0.52,237.61,313.79,0.78,46.73
Khajrana,2025-02-10,6.87,400.43,0.46,148.01,136.69,0.72,15.7
Khajrana,2025-02-11,7.74,561.5,1.03,193.53,321.23,1.03,42.74
Khajrana,2025-02-12,6.95,308.78,0.78,125.66,164.74,0.7,19.22
Khajrana,2025-02-13,7.02,297.25,0.52,160.02,207.25,0.81,9.5
Khajrana,2025-02-14,7.67,344.08,0.76,210.6,188.67,0.7,33.07
Khajrana,2025-02-15,9.37,636.75,4.06,242.71,553.24,1.47,37.01
Khajrana,2025-02-16,8.29,800.89,1.03,309.88,511.85,1.49,78.84
Khajrana,2025-02-17,7.76,436.79,0.45,118.23,209.27,0.94,20.03
Khajrana,2025-02-18,6.85,584.12,1.42,158.9,185.58,1.04,32.03
Khajrana,2025-02-19,8.88,439.78,1.39,287.71,329.78,1.05,44.95
Khajrana,2025-02-20,7.86,1200.0,1.4,278.12,234.53,1.49,68.02
Khajrana,2025-02-21,8.2,424.1,1.12,206.3,238.38,1.0,26.63
Khajrana,2025-02-22,8.58,843.85,2.93,276.12,383.35,1.37,47.09
Khajrana,2025-02-23,8.95,745.57,3.32,297.65,445.47,1.12,61.07
Khajrana,2025-02-24,8.59,755.52,1.83,287.56,334.04,1.05,30.4
Khajrana,2025-02-25,7.12,282.07,0.5,148.15,169.18,0.78,14.8
Khajrana,2025-02-26,7.04,388.66,0.99,180.99,365.85,0.67,32.31
Khajrana,2025-02-27,7.92,476.23,0.73,238.66,144.99,0.86,42.52
Khajrana,2025-02-28,6.94,482.16,0.42,249.07,210.73,0.94,9.71
Khajrana,2025-03-01,8.18,678.98,1.86,421.72,367.88,1.94,81.28
Khajrana,2025-03-02,8.17,845.06,3.72,309.58,281.56,1.13,99.05
Khajrana,2025-03-03,7.65,629.63,1.17,257.57,244.34,0.52,24.13
Khajrana,2025-03-04,7.38,521.39,1.34,147.24,245.42,1.62,19.5
Khajrana,2025-03-05,8.13,657.23,0.56,220.84,193.19,0.8,25.44
Khajrana,2025-03-06,7.35,269.87,0.63,144.27,152.7,0.72,17.2
Khajrana,2025-03-07,7.85,570.77,2.27,382.58,419.41,1.11,74.68
Khajrana,2025-03-08,7.26,398.78,1.0,236.95,290.73,1.04,58.31
Khajrana,2025-03-09,7.44,153.91,0.43,149.07,113.61,0.51,14.66
Khajrana,2025-03-10,7.18,362.3,0.87,143.83,148.21,0.47,35.51
Khajrana,2025-03-11,7.63,605.28,3.89,273.05,438.3,1.35,22.39
Khajrana,2025-03-12,7.71,586.41,0.84,210.09,273.94,0.82,55.99
Khajrana,2025-03-13,7.12,296.81,0.47,132.91,163.18,0.42,26.0
Khajrana,2025-03-14,7.63,265.9,0.84,131.55,163.0,0.58,26.03
Khajrana,2025-03-15,6.97,458.93,1.57,214.9,360.71,0.77,49.18
Khajrana,2025-03-16,8.03,503.5,1.58,136.89,187.94,1.24,42.97
Khajrana,2025-03-17,7.39,361.32,0.84,131.88,140.82,0.4,16.86
Khajrana,2025-03-18,7.4,341.44,0.6,224.92,266.14,1.07,13.26
Khajrana,2025-03-19,7.71,624.72,1.63,233.33,376.47,0.71,64.21
Khajrana,2025-03-20,7.52,551.27,0.59,256.2,234.84,0.83,25.46
Khajrana,2025-03-21,7.36,763.45,1.93,172.56,427.01,0.63,63.63
Khajrana,2025-03-22,6.91,451.4,1.27,159.57,250.59,1.13,50.78
Khajrana,2025-03-23,9.09,747.52,3.77,351.27,428.87,0.72,45.8
Khajrana,2025-03-24,7.36,335.45,0.59,122.64,108.88,0.64,21.19
Khajrana,2025-03-25,8.03,712.97,2.29,233.37,407.75,1.39,40.16
Khajrana,2025-03-26,7.18,331.55,0.46,145.62,155.18,0.6,7.84
Khajrana,2025-03-27,7.55,538.32,0.35,264.13,237.02,0.93,57.89
Khajrana,2025-03-28,8.45,417.77,0.61,178.17,265.22,0.74,56.51
Khajrana,2025-03-29,7.18,384.02,0.46,137.66,196.16,0.37,16.89
Khajrana,2025-03-30,8.58,1052.29,2.47,264.03,285.27,1.19,68.21
Khajrana,2025-03-31,7.73,438.89,1.29,161.86,255.54,1.1,40.35
Khajrana,2025-04-01,7.56,404.37,0.05,267.19,298.23,1.06,14.58
Khajrana,2025-04-02,7.68,279.8,0.39,202.05,115.73,0.57,21.64
Khajrana,2025-04-03,7.45,438.05,0.54,195.39,280.72,1.2,38.21
Khajrana,2025-04-04,7.53,740.55,3.19,211.15,570.25,1.37,97.64
Khajrana,2025-04-05,8.76,419.69,1.04,223.7,280.63,1.26,34.52
Khajrana,2025-04-06,8.46,457.7,1.37,207.17,355.33,0.46,40.15
Khajrana,2025-04-07,7.55,469.73,2.03,175.39,361.56,0.66,58.2
Khajrana,2025-04-08,7.03,415.46,0.76,128.11,164.46,0.46,24.58
Khajrana,2025-04-09,6.24,631.36,1.02,193.08,374.73,0.83,25.39
Khajrana,2025-04-10,7.12,373.41,0.88,135.49,125.51,0.72,17.14
Bengali Square,2025-01-01,8.07,680.88,2.58,263.6,364.12,1.27,61.35
Bengali Square,2025-01-02,8.42,683.94,2.46,178.82,549.49,1.31,73.86
Bengali Square,2025-01-03,6.84,365.41,0.5,173.4,124.79,0.66,29.68
Bengali Square,2025-01-04,8.25,572.63,1.79,292.25,310.34,1.59,57.62
Bengali Square,2025-01-05,7.44,245.75,0.55,130.28,72.71,0.55,25.39
Bengali Square,2025-01-06,6.37,393.0,0.61,131.8,168.24,0.58,14.44
Bengali Square,2025-01-07,8.8,376.19,2.06,167.02,306.76,0.67,45.85
Bengali Square,2025-01-08,8.22,519.6,1.75,197.33,349.86,1.64,75.31
Bengali Square,2025-01-09,7.46,621.88,1.46,175.21,368.1,0.66,32.35
Bengali Square,2025-01-10,8.29,860.73,4.33,271.32,471.23,2.1,52.65
Bengali Square,2025-01-11,6.51,385.86,1.83,220.49,334.96,1.09,60.04
Bengali Square,2025-01-12,7.3,233.34,0.41,126.82,183.21,0.79,23.61
Bengali Square,2025-01-13,8.29,682.61,2.09,255.87,149.57,1.41,51.77
Bengali Square,2025-01-14,6.93,226.49,0.7,191.12,177.81,0.69,12.1
Bengali Square,2025-01-15,8.24,319.32,2.29,337.34,368.32,1.29,61.29
Bengali Square,2025-01-16,7.09,225.04,0.93,111.59,157.58,0.8,9.96
Bengali Square,2025-01-17,9.29,1051.21,1.73,300.04,419.63,1.02,77.57
Bengali Square,2025-01-18,7.54,532.96,0.8,221.45,139.95,1.1,42.47
Bengali Square,2025-01-19,9.05,908.93,2.38,317.68,465.26,0.9,89.25
Bengali Square,2025-01-20,7.81,236.68,0.78,169.96,227.65,0.52,16.98
Bengali Square,2025-01-21,6.93,320.1,0.86,130.29,134.9,0.69,9.62
Bengali Square,2025-01-22,6.93,381.91,0.58,152.39,172.16,0.52,20.24
Bengali Square,2025-01-23,8.62,289.34,0.44,180.24,250.2,0.8,37.53
Bengali Square,2025-01-24,7.88,633.24,1.39,149.65,194.73,1.37,23.82
Bengali Square,2025-01-25,7.19,432.11,0.7,226.33,391.24,1.13,53.54
Bengali Square,2025-01-26,8.85,1017.01,2.5,217.27,444.95,2.03,44.7
Bengali Square,2025-01-27,8.24,656.77,5.05,255.05,314.67,1.33,88.61
Bengali Square,2025-01-28,8.0,377.27,0.65,149.93,126.43,0.49,26.68
Bengali Square,2025-01-29,8.24,508.66,1.39,274.33,213.85,1.29,30.21
Bengali Square,2025-01-30,7.96,335.19,0.91,171.18,140.29,0.5,29.84
Bengali Square,2025-01-31,8.63,410.51,0.05,151.08,285.26,0.71,36.68
Bengali Square,2025-02-01,7.32,305.5,0.12,163.75,110.81,0.48,6.5
Bengali Square,2025-02-02,7.13,367.2,0.87,116.47,229.71,0.53,21.38
Bengali Square,2025-02-03,8.68,686.06,1.3,401.56,580.72,0.71,44.52
Bengali Square,2025-02-04,6.81,274.89,0.38,170.29,153.23,0.55,27.97
Bengali Square,2025-02-05,7.87,612.71,0.89,169.19,275.47,1.17,40.09
Bengali Square,2025-02-06,7.2,427.16,1.08,152.53,217.06,0.99,56.04
Bengali Square,2025-02-07,7.31,459.0,0.47,164.74,172.79,0.68,19.21
Bengali Square,2025-02-08,7.4,243.05,0.53,135.22,255.34,0.73,21.49
Bengali Square,2025-02-09,8.01,399.01,0.98,309.58,211.76,0.81,35.79
Bengali Square,2025-02-10,7.55,576.89,1.04,137.53,292.81,1.25,55.12
Bengali Square,2025-02-11,7.34,533.3,1.81,233.33,364.24,1.08,36.53
Bengali Square,2025-02-12,6.83,540.64,1.81,306.77,368.03,1.09,14.83
Bengali Square,2025-02-13,7.79,466.62,0.76,190.62,241.05,0.83,19.17
Bengali Square,2025-02-14,7.3,125.11,0.07,139.84,142.09,0.68,14.18
Bengali Square,2025-02-15,7.2,418.7,0.93,154.7,190.94,0.68,9.31
Bengali Square,2025-02-16,7.38,578.52,0.3,215.98,292.34,0.98,32.99
Bengali Square,2025-02-17,7.04,618.43,1.96,194.89,87.78,0.86,37.04
Bengali Square,2025-02-18,7.77,540.89,0.7,266.71,172.43,0.81,47.31
Bengali Square,2025-02-19,8.38,577.86,1.17,200.84,245.03,1.25,28.59
Bengali Square,2025-02-20,8.68,637.31,2.0,341.7,247.27,0.7,53.05
Bengali Square,2025-02-21,8.99,1008.17,0.75,330.43,447.54,1.02,73.49
Bengali Square,2025-02-22,6.26,612.49,1.29,210.31,297.89,0.74,22.98
Bengali Square,2025-02-23,7.1,259.28,0.32,144.06,232.72,0.38,11.59
Bengali Square,2025-02-24,6.93,511.63,2.61,142.09,172.21,1.03,56.07
Bengali Square,2025-02-25,7.29,585.53,0.61,278.82,291.92,1.12,60.0
Bengali Square,2025-02-26,7.44,406.57,2.2,136.29,140.68,0.98,37.97
Bengali Square,2025-02-27,7.12,344.84,0.57,146.61,98.03,0.68,13.95
Bengali Square,2025-02-28,8.08,178.7,1.18,212.49,335.53,1.0,56.8
Bengali Square,2025-03-01,7.95,518.49,1.31,146.5,290.09,0.74,28.43
Bengali Square,2025-03-02,7.38,171.56,0.24,205.88,121.0,0.68,8.09
Bengali Square,2025-03-03,7.23,386.77,0.47,182.05,174.16,1.0,8.16
Bengali Square,2025-03-04,8.01,503.87,1.56,191.8,250.64,1.06,30.89
Bengali Square,2025-03-05,8.2,1068.97,2.5,354.75,320.91,1.03,86.64
Bengali Square,2025-03-06,8.06,502.5,1.75,174.97,323.21,1.21,36.57
Bengali Square,2025-03-07,7.35,383.63,0.73,108.81,164.06,0.35,20.38
Bengali Square,2025-03-08,8.54,571.69,0.92,139.1,211.67,0.79,39.64
Bengali Square,2025-03-09,7.75,530.59,1.35,193.04,295.9,0.92,44.87
Bengali Square,2025-03-10,7.69,392.56,1.04,187.3,339.32,0.8,32.34
Bengali Square,2025-03-11,8.79,773.45,3.05,331.13,317.43,1.35,72.28
Bengali Square,2025-03-12,9.14,481.06,0.62,211.46,339.29,0.8,36.07
Bengali Square,2025-03-13,7.92,567.77,1.52,202.89,293.71,1.21,51.08
Bengali Square,2025-03-14,8.06,435.91,1.09,300.33,245.45,1.21,43.08
Bengali Square,2025-03-15,7.48,552.37,0.73,334.26,288.53,1.27,35.72
Bengali Square,2025-03-16,8.07,756.65,2.97,365.61,302.17,1.79,72.23
Bengali Square,2025-03-17,7.41,365.32,0.51,181.96,208.1,0.51,13.3
Bengali Square,2025-03-18,8.95,568.66,1.48,278.79,402.39,1.21,63.78
Bengali Square,2025-03-19,7.84,513.72,0.05,260.63,258.93,1.76,72.62
Bengali Square,2025-03-20,7.28,260.68,0.24,202.38,205.97,0.59,24.08
Bengali Square,2025-03-21,7.38,336.04,0.05,252.9,212.03,0.45,40.18
Bengali Square,2025-03-22,7.7,482.53,1.07,240.99,171.36,0.85,45.18
Bengali Square,2025-03-23,7.44,322.52,0.58,120.15,142.74,0.32,21.43
Bengali Square,2025-03-24,8.65,576.9,1.14,187.31,229.82,1.22,66.57
Bengali Square,2025-03-25,7.31,513.28,1.19,226.1,269.22,0.75,50.35
Bengali Square,2025-03-26,7.89,412.48,0.42,184.14,233.22,1.21,22.04
Bengali Square,2025-03-27,6.92,176.03,0.64,95.07,100.86,0.34,19.31
Bengali Square,2025-03-28,6.83,225.9,0.37,135.23,134.61,0.69,12.87
Bengali Square,2025-03-29,7.31,312.67,0.81,167.58,133.5,0.69,18.07
Bengali Square,2025-03-30,7.75,304.8,0.42,123.27,115.91,0.43,27.46
Bengali Square,2025-03-31,6.42,237.5,0.65,151.04,71.26,0.75,26.49
Bengali Square,2025-04-01,7.81,336.53,1.08,172.89,234.75,0.93,35.99
Bengali Square,2025-04-02,7.34,272.16,0.31,138.0,160.77,0.64,21.46
Bengali Square,2025-04-03,9.06,434.31,2.12,276.83,427.9,1.6,40.01
Bengali Square,2025-04-04,6.98,363.59,0.98,271.88,296.58,0.71,33.35
Bengali Square,2025-04-05,6.93,228.25,0.79,200.22,110.59,0.86,16.1
Bengali Square,2025-04-06,8.05,417.04,1.47,274.8,192.5,0.86,35.73
Bengali Square,2025-04-07,7.31,313.98,0.91,196.8,195.71,0.94,45.09
Bengali Square,2025-04-08,7.13,322.37,0.88,154.2,189.84,0.44,21.26
Bengali Square,2025-04-09,7.11,341.7,0.82,130.42,165.25,0.63,24.94
Bengali Square,2025-04-10,9.23,424.11,2.3,321.12,417.55,0.65,47.19
Rau,2025-01-01,8.08,178.02,3.2,282.29,551.33,1.44,54.18
Rau,2025-01-02,8.39,432.83,1.75,279.67,319.74,1.06,43.69
Rau,2025-01-03,7.62,411.72,0.9,307.0,218.06,1.27,20.97
Rau,2025-01-04,8.67,445.25,2.72,370.66,315.51,0.78,63.16
Rau,2025-01-05,7.91,234.09,2.56,366.47,298.62,1.6,44.28
Rau,2025-01-06,7.15,367.22,0.64,114.62,156.89,0.75,32.22
Rau,2025-01-07,7.38,855.56,1.93,313.76,500.8,1.11,32.09
Rau,2025-01-08,8.68,430.53,1.7,236.88,299.97,0.88,18.81
Rau,2025-01-09,7.31,428.67,0.32,165.62,175.21,0.37,23.28
Rau,2025-01-10,8.27,485.92,1.62,179.59,295.42,1.03,9.66
Rau,2025-01-11,6.95,521.6,2.0,135.19,275.39,0.98,18.88
Rau,2025-01-12,7.95,643.51,2.1,367.6,191.36,1.01,6.77
Rau,2025-01-13,7.02,335.48,0.52,125.22,119.59,0.94,23.55
Rau,2025-01-14,6.59,232.19,1.22,106.11,247.58,1.36,43.41
Rau,2025-01-15,9.25,525.25,1.15,130.22,216.77,0.92,27.27
Rau,2025-01-16,7.3,361.8,1.31,206.05,229.46,0.83,48.44
Rau,2025-01-17,7.66,413.75,2.13,302.19,183.53,0.67,33.86
Rau,2025-01-18,6.91,411.9,0.71,175.87,93.35,0.48,2.0
Rau,2025-01-19,7.87,492.12,3.37,297.87,492.69,2.07,49.59
Rau,2025-01-20,7.72,826.13,5.31,292.7,439.33,1.04,68.63
Rau,2025-01-21,7.78,565.17,1.32,159.49,234.91,1.31,42.93
Rau,2025-01-22,8.86,528.84,2.82,230.58,336.71,1.37,70.94
Rau,2025-01-23,7.11,410.89,1.11,290.99,309.42,0.62,36.61
Rau,2025-01-24,7.54,433.4,1.03,241.68,221.13,1.37,9.33
Rau,2025-01-25,7.18,264.65,0.57,151.96,153.19,0.52,18.35
Rau,2025-01-26,8.82,502.25,3.92,292.06,422.16,1.73,44.36
Rau,2025-01-27,8.76,846.02,2.34,256.26,301.96,0.92,89.24
Rau,2025-01-28,7.38,455.96,1.33,267.3,215.58,1.34,15.04
Rau,2025-01-29,7.15,569.99,1.12,193.97,181.0,0.93,20.63
Rau,2025-01-30,6.61,367.05,0.59,159.23,106.18,0.52,34.39
Rau,2025-01-31,8.47,228.28,2.22,306.89,415.4,1.29,66.33
Rau,2025-02-01,6.91,811.4,4.14,326.69,431.17,0.77,12.39
Rau,2025-02-02,7.2,475.86,0.05,275.98,252.51,1.03,41.35
Rau,2025-02-03,7.64,300.9,0.65,141.94,76.55,0.59,26.35
Rau,2025-02-04,7.06,249.53,0.52,195.25,126.11,0.58,23.68
Rau,2025-02-05,7.59,478.89,1.37,300.67,246.0,1.02,30.36
Rau,2025-02-06,7.17,222.44,0.29,208.03,143.6,0.79,6.34
Rau,2025-02-07,9.41,611.68,0.34,59.62,309.98,1.01,21.65
Rau,2025-02-08,6.96,189.99,0.39,154.48,141.79,0.47,6.36
Rau,2025-02-09,7.75,449.24,0.9,249.89,139.85,0.96,46.38
Rau,2025-02-10,7.08,185.02,0.77,177.1,229.53,0.99,10.59
Rau,2025-02-11,8.22,699.0,3.68,203.86,451.99,1.95,73.39
Rau,2025-02-12,8.54,406.8,0.98,153.45,210.42,0.47,36.73
Rau,2025-02-13,9.23,368.46,3.39,258.71,469.87,1.31,34.14
Rau,2025-02-14,6.18,341.4,0.56,164.14,192.28,0.68,33.05
Rau,2025-02-15,8.1,469.0,0.71,259.88,249.92,1.14,33.62
Rau,2025-02-16,7.36,592.64,4.45,318.98,493.96,0.98,33.53
Rau,2025-02-17,6.91,237.38,1.14,180.08,202.34,0.93,43.46
Rau,2025-02-18,7.89,485.5,1.63,154.48,323.19,1.33,41.93
Rau,2025-02-19,6.99,405.64,0.67,165.26,132.79,0.43,18.33
Rau,2025-02-20,7.0,221.59,0.71,215.57,134.71,0.55,14.04
Rau,2025-02-21,7.26,363.11,1.59,144.63,158.15,0.79,48.98
Rau,2025-02-22,6.8,237.5,0.86,150.98,154.07,0.67,31.16
Rau,2025-02-23,7.02,498.54,1.01,209.01,262.49,1.26,21.85
Rau,2025-02-24,8.92,593.96,2.03,174.84,493.19,1.68,86.68
Rau,2025-02-25,9.28,785.15,1.85,183.72,450.33,0.58,58.65
Rau,2025-02-26,7.81,594.64,1.38,323.91,132.38,0.93,38.26
Rau,2025-02-27,6.83,450.11,0.28,230.21,320.11,1.01,33.14
Rau,2025-02-28,8.17,751.21,3.54,331.19,585.9,1.64,99.37
Rau,2025-03-01,6.33,252.93,0.59,97.73,128.16,0.49,21.08
Rau,2025-03-02,7.37,532.62,1.24,262.7,202.13,0.93,51.33
Rau,2025-03-03,8.6,579.97,2.7,257.48,359.56,1.06,36.35
Rau,2025-03-04,9.02,766.56,1.88,323.69,309.73,1.63,37.06
Rau,2025-03-05,9.07,537.88,1.54,375.6,494.28,1.47,86.44
Rau,2025-03-06,7.93,375.39,0.9,206.42,345.72,0.84,32.41
Rau,2025-03-07,7.85,225.91,0.05,156.01,174.36,0.69,4.4
Rau,2025-03-08,7.18,316.11,0.11,139.95,194.99,0.84,12.07
Rau,2025-03-09,8.3,522.04,0.74,215.12,236.2,0.5,4.54
Rau,2025-03-10,7.55,337.05,0.46,104.61,162.43,0.41,18.3
Rau,2025-03-11,8.47,374.61,1.25,234.04,374.77,0.83,30.54
Rau,2025-03-12,7.24,256.19,0.57,132.2,128.46,0.8,28.76
Rau,2025-03-13,6.6,383.2,0.92,175.29,196.51,0.56,10.75
Rau,2025-03-14,7.33,243.67,0.32,163.97,224.69,0.84,25.66
Rau,2025-03-15,8.94,616.99,3.26,202.39,505.39,0.88,70.72
Rau,2025-03-16,8.11,582.3,3.36,299.18,353.92,1.17,65.08
Rau,2025-03-17,9.29,771.18,1.54,258.75,354.14,1.6,98.55
Rau,2025-03-18,8.12,365.31,2.73,296.87,296.93,0.93,82.37
Rau,2025-03-19,6.52,285.02,0.63,170.71,160.62,0.75,19.44
Rau,2025-03-20,7.1,409.12,0.88,196.18,365.1,0.86,20.85
Rau,2025-03-21,7.39,265.86,0.76,164.89,233.0,0.83,29.15
Rau,2025-03-22,8.33,466.74,1.87,222.73,346.33,1.25,21.64
Rau,2025-03-23,8.84,739.0,2.2,284.68,476.62,0.94,103.9
Rau,2025-03-24,8.39,387.19,1.27,204.26,207.95,1.16,36.09
Rau,2025-03-25,8.27,950.77,3.34,361.1,303.38,1.27,58.99
Rau,2025-03-26,7.88,443.41,1.58,149.17,384.03,0.55,34.34
Rau,2025-03-27,8.64,853.44,1.27,401.65,401.41,1.09,59.02
Rau,2025-03-28,7.04,381.57,0.5,130.11,151.12,0.67,10.5
Rau,2025-03-29,8.24,598.05,3.33,314.66,301.55,1.3,80.68
Rau,2025-03-30,9.38,617.06,1.73,338.31,536.41,0.82,61.06
Rau,2025-03-31,7.3,479.03,1.29,196.12,360.39,1.06,57.65
Rau,2025-04-01,9.35,434.14,1.34,428.21,326.67,1.07,47.49
Rau,2025-04-02,8.45,653.03,0.92,212.79,248.32,1.24,2.0
Rau,2025-04-03,7.78,258.93,0.88,137.66,176.87,0.56,9.15
Rau,2025-04-04,7.35,376.72,0.64,103.65,128.43,0.71,26.7
Rau,2025-04-05,6.76,472.9,0.39,275.74,269.5,0.99,79.53
Rau,2025-04-06,8.07,659.38,3.89,344.61,561.63,0.81,64.31
Rau,2025-04-07,7.88,459.27,1.4,203.32,425.09,1.09,21.88
Rau,2025-04-08,7.78,509.53,0.76,284.1,250.17,0.81,30.93
Rau,2025-04-09,7.83,528.08,1.51,78.89,183.56,1.19,24.15
Rau,2025-04-10,8.51,786.45,1.44,357.59,303.73,1.54,87.12
Rajendra Nagar,2025-01-01,6.94,385.36,1.69,266.51,222.8,0.76,28.22
Rajendra Nagar,2025-01-02,6.64,294.21,0.6,178.54,171.08,0.62,18.41
Rajendra Nagar,2025-01-03,8.13,722.26,1.0,367.16,528.54,1.08,57.03
Rajendra Nagar,2025-01-04,9.08,953.25,2.02,366.87,396.13,1.09,76.85
Rajendra Nagar,2025-01-05,8.15,838.46,2.63,217.57,587.31,1.64,65.75
Rajendra Nagar,2025-01-06,8.25,881.29,3.02,301.83,369.64,1.27,2.0
Rajendra Nagar,2025-01-07,7.21,439.78,0.53,197.66,166.27,0.51,21.08
Rajendra Nagar,2025-01-08,7.62,385.09,1.22,141.75,319.1,1.08,45.44
Rajendra Nagar,2025-01-09,6.7,723.16,1.95,326.75,599.89,2.01,61.7
Rajendra Nagar,2025-01-10,7.95,657.54,2.09,262.57,429.5,0.78,90.62
Rajendra Nagar,2025-01-11,8.76,472.34,3.28,232.35,426.12,1.66,61.0
Rajendra Nagar,2025-01-12,6.84,372.06,0.71,150.46,111.01,0.75,20.16
Rajendra Nagar,2025-01-13,8.4,440.67,0.05,169.1,354.61,0.94,32.91
Rajendra Nagar,2025-01-14,8.46,810.63,1.03,246.55,224.45,0.43,35.45
Rajendra Nagar,2025-01-15,6.89,263.56,0.17,138.43,147.93,0.63,37.2
Rajendra Nagar,2025-01-16,8.89,540.84,1.17,140.23,220.45,0.88,14.06
Rajendra Nagar,2025-01-17,8.76,532.54,2.44,276.46,332.46,1.7,37.22
Rajendra Nagar,2025-01-18,8.57,755.32,2.25,392.43,312.56,1.52,59.41
Rajendra Nagar,2025-01-19,7.19,207.0,0.69,144.03,81.69,0.7,28.05
Rajendra Nagar,2025-01-20,9.11,856.38,1.31,341.15,461.97,0.63,66.86
Rajendra Nagar,2025-01-21,6.91,198.56,0.6,198.04,142.06,0.52,21.49
Rajendra Nagar,2025-01-22,8.72,307.92,1.97,260.67,447.94,0.38,115.98
Rajendra Nagar,2025-01-23,7.77,554.01,0.85,212.85,222.6,1.05,33.86
Rajendra Nagar,2025-01-24,7.87,397.56,0.46,206.21,152.07,1.0,37.46
Rajendra Nagar,2025-01-25,7.01,310.56,0.56,187.71,253.77,0.82,16.38
Rajendra Nagar,2025-01-26,7.38,319.19,1.44,175.93,337.75,1.2,58.61
Rajendra Nagar,2025-01-27,8.49,770.37,2.03,256.16,357.53,1.47,69.02
Rajendra Nagar,2025-01-28,7.43,507.3,1.55,168.9,184.65,0.81,36.14
Rajendra Nagar,2025-01-29,7.53,363.99,1.86,176.93,239.76,1.04,17.35
Rajendra Nagar,2025-01-30,6.69,345.12,0.74,135.1,103.86,0.69,13.41
Rajendra Nagar,2025-01-31,7.67,169.73,0.57,175.7,133.14,0.48,23.37
Rajendra Nagar,2025-02-01,8.35,679.65,1.37,239.37,368.99,1.06,30.48
Rajendra Nagar,2025-02-02,8.36,545.64,2.0,229.49,394.89,1.21,107.9
Rajendra Nagar,2025-02-03,8.28,424.83,1.5,210.16,356.1,1.2,17.0
Rajendra Nagar,2025-02-04,9.13,623.92,0.51,249.35,341.66,0.85,45.33
Rajendra Nagar,2025-02-05,7.4,574.79,1.73,226.34,172.75,0.9,53.9
Rajendra Nagar,2025-02-06,7.78,672.69,3.02,291.04,480.08,1.16,58.47
Rajendra Nagar,2025-02-07,7.49,234.24,0.77,141.17,208.11,0.88,19.35
Rajendra Nagar,2025-02-08,6.35,365.77,1.44,97.76,234.25,1.24,68.65
Rajendra Nagar,2025-02-09,7.3,320.07,0.52,166.95,215.43,0.62,20.55
Rajendra Nagar,2025-02-10,9.66,555.19,0.83,198.77,208.58,0.35,42.69
Rajendra Nagar,2025-02-11,8.86,576.96,0.73,188.81,238.26,0.5,33.05
Rajendra Nagar,2025-02-12,7.67,390.53,0.49,186.83,143.07,0.6,20.46
Rajendra Nagar,2025-02-13,8.56,701.58,2.26,305.36,348.82,0.56,105.84
Rajendra Nagar,2025-02-14,8.14,734.06,0.91,285.28,152.84,0.71,28.48
Rajendra Nagar,2025-02-15,7.57,390.17,0.55,112.92,200.17,0.76,24.31
Rajendra Nagar,2025-02-16,8.53,862.27,2.03,302.09,374.28,0.74,83.33
Rajendra Nagar,2025-02-17,9.53,789.84,0.81,288.07,318.72,1.59,86.42
Rajendra Nagar,2025-02-18,8.39,375.73,1.84,166.56,442.92,1.59,60.57
Rajendra Nagar,2025-02-19,8.56,481.02,1.38,349.65,401.95,1.25,56.52
Rajendra Nagar,2025-02-20,7.7,620.99,0.6,212.51,414.29,1.38,71.13
Rajendra Nagar,2025-02-21,7.7,338.53,1.08,240.48,161.12,1.0,39.51
Rajendra Nagar,2025-02-22,9.25,715.37,4.24,443.81,226.65,1.38,66.73
Rajendra Nagar,2025-02-23,7.42,477.96,1.48,214.23,220.05,0.49,27.41
Rajendra Nagar,2025-02-24,8.65,482.34,2.0,292.81,272.37,1.01,71.26
Rajendra Nagar,2025-02-25,7.25,246.32,0.56,180.86,170.07,0.69,20.62
Rajendra Nagar,2025-02-26,8.42,845.01,2.58,228.26,424.67,0.95,111.78
Rajendra Nagar,2025-02-27,7.08,297.21,0.27,145.97,170.77,0.9,15.28
Rajendra Nagar,2025-02-28,7.22,281.2,1.02,163.14,224.48,1.1,37.24
Rajendra Nagar,2025-03-01,6.91,310.47,0.57,163.08,183.75,0.71,23.63
Rajendra Nagar,2025-03-02,8.08,425.92,0.96,182.1,314.25,0.79,31.63
Rajendra Nagar,2025-03-03,8.98,863.43,2.62,291.3,378.86,1.56,71.51
Rajendra Nagar,2025-03-04,6.91,530.37,1.18,122.26,278.38,0.74,20.49
Rajendra Nagar,2025-03-05,7.71,512.76,0.06,205.4,271.12,1.15,52.6
Rajendra Nagar,2025-03-06,7.06,413.56,0.57,222.8,365.8,0.7,7.09
Rajendra Nagar,2025-03-07,8.41,465.01,1.21,220.93,238.76,0.9,43.51
Rajendra Nagar,2025-03-08,8.34,501.49,1.34,178.91,213.87,0.34,34.58
Rajendra Nagar,2025-03-09,8.64,603.53,1.01,167.68,334.8,0.87,30.35
Rajendra Nagar,2025-03-10,8.95,1138.7,0.79,386.08,410.53,1.79,79.49
Rajendra Nagar,2025-03-11,7.74,523.25,1.48,224.55,234.51,0.82,20.02
Rajendra Nagar,2025-03-12,7.33,520.18,0.98,82.66,362.45,0.99,44.66
Rajendra Nagar,2025-03-13,7.39,696.91,1.48,157.2,252.01,1.03,69.02
Rajendra Nagar,2025-03-14,8.14,447.68,0.76,218.39,380.7,0.87,37.6
Rajendra Nagar,2025-03-15,9.2,592.03,0.94,357.36,442.39,0.96,54.23
Rajendra Nagar,2025-03-16,6.67,264.76,0.39,137.97,174.48,0.39,4.2
Rajendra Nagar,2025-03-17,7.99,749.04,2.92,383.38,318.14,1.68,54.04
Rajendra Nagar,2025-03-18,7.33,367.77,0.62,101.66,234.58,0.71,24.12
Rajendra Nagar,2025-03-19,7.46,303.54,0.51,171.21,275.53,0.79,47.89
Rajendra Nagar,2025-03-20,7.88,642.88,1.65,271.22,348.46,0.82,46.97
Rajendra Nagar,2025-03-21,7.45,430.69,1.58,392.59,383.09,1.33,80.18
Rajendra Nagar,2025-03-22,8.2,362.34,1.36,222.88,212.5,0.91,15.49
Rajendra Nagar,2025-03-23,7.08,280.93,0.8,125.85,157.54,0.55,17.92
Rajendra Nagar,2025-03-24,8.3,946.87,1.52,268.41,465.45,1.33,68.5
Rajendra Nagar,2025-03-25,7.87,735.71,2.49,263.76,421.78,1.47,30.06
Rajendra Nagar,2025-03-26,8.5,457.99,0.65,161.19,249.21,0.87,51.68
Rajendra Nagar,2025-03-27,8.03,637.51,3.27,226.23,442.78,0.7,53.77
Rajendra Nagar,2025-03-28,8.54,695.53,2.34,265.91,462.01,0.1,87.73
Rajendra Nagar,2025-03-29,7.9,730.16,3.66,262.23,489.49,0.73,46.9
Rajendra Nagar,2025-03-30,7.29,444.88,0.82,212.09,253.47,0.87,2.0
Rajendra Nagar,2025-03-31,7.69,612.0,4.09,213.04,287.44,0.92,63.64
Rajendra Nagar,2025-04-01,7.15,429.74,0.64,150.57,129.03,0.73,25.28
Rajendra Nagar,2025-04-02,7.0,581.08,1.21,277.55,164.12,0.62,5.33
Rajendra Nagar,2025-04-03,8.41,302.82,1.45,197.47,225.97,1.0,38.93
Rajendra Nagar,2025-04-04,7.17,337.47,0.98,236.72,276.38,0.74,38.09
Rajendra Nagar,2025-04-05,8.29,431.04,0.47,195.81,311.08,0.78,51.17
Rajendra Nagar,2025-04-06,6.93,273.23,0.15,132.89,102.84,0.66,10.48
Rajendra Nagar,2025-04-07,7.59,191.25,0.4,188.92,178.01,1.15,44.28
Rajendra Nagar,2025-04-08,7.93,521.02,1.17,179.9,225.67,0.74,29.88
Rajendra Nagar,2025-04-09,7.84,571.99,1.57,203.1,409.95,1.23,36.48
Rajendra Nagar,2025-04-10,7.39,597.12,1.97,178.57,250.57,0.69,34.95
Annapurna,2025-01-01,7.31,651.6,2.49,411.11,495.72,1.1,72.79
Annapurna,2025-01-02,7.49,406.08,0.63,138.8,129.99,0.62,33.09
Annapurna,2025-01-03,8.1,224.3,1.85,261.81,272.88,1.1,45.93
Annapurna,2025-01-04,7.62,394.62,0.99,189.45,341.51,0.86,69.24
Annapurna,2025-01-05,6.98,310.15,0.79,82.63,213.25,0.59,24.09
Annapurna,2025-01-06,7.42,311.58,0.27,135.49,183.67,0.49,2.0
Annapurna,2025-01-07,6.92,245.09,0.91,175.77,139.92,0.75,16.64
Annapurna,2025-01-08,7.24,335.32,0.68,112.81,89.89,0.54,14.71
Annapurna,2025-01-09,6.98,360.37,0.55,108.31,134.67,0.73,18.24
Annapurna,2025-01-10,8.05,936.79,2.71,288.77,650.09,0.93,57.93
Annapurna,2025-01-11,8.12,284.65,0.47,316.78,234.29,1.13,63.47
Annapurna,2025-01-12,6.2,420.97,1.93,161.36,298.46,0.91,47.58
Annapurna,2025-01-13,8.98,693.52,3.27,303.42,216.06,0.21,69.2
Annapurna,2025-01-14,7.11,302.2,0.69,182.63,177.66,0.69,12.01
Annapurna,2025-01-15,6.77,299.4,0.45,116.32,229.03,0.49,20.06
Annapurna,2025-01-16,6.92,433.02,0.75,199.31,165.65,0.83,14.21
Annapurna,2025-01-17,9.12,451.96,0.36,257.4,285.71,1.08,32.9
Annapurna,2025-01-18,7.13,529.13,1.05,215.67,302.13,0.9,36.45
Annapurna,2025-01-19,7.37,277.23,0.87,131.45,143.24,0.77,20.61
Annapurna,2025-01-20,7.64,818.72,4.27,372.7,409.32,1.12,13.93
Annapurna,2025-01-21,6.87,217.13,0.53,155.21,229.75,0.58,19.6
Annapurna,2025-01-22,7.71,759.01,3.45,243.24,436.68,1.04,82.3
Annapurna,2025-01-23,8.92,848.72,2.2,197.66,533.34,1.5,58.61
Annapurna,2025-01-24,8.7,190.05,3.86,353.24,225.71,1.09,96.36
Annapurna,2025-01-25,8.4,601.47,0.28,195.22,262.54,0.55,33.88
Annapurna,2025-01-26,8.88,690.14,1.58,300.52,252.15,1.13,36.27
Annapurna,2025-01-27,8.0,830.59,2.66,352.18,403.85,0.46,88.6
Annapurna,2025-01-28,9.05,321.72,1.21,218.98,364.16,1.04,30.52
Annapurna,2025-01-29,8.32,791.56,2.56,221.54,342.34,1.04,30.67
Annapurna,2025-01-30,7.65,471.74,2.33,304.79,225.35,1.42,44.06
Annapurna,2025-01-31,7.89,496.8,0.9,191.17,314.04,0.87,35.57
Annapurna,2025-02-01,7.68,487.0,0.87,192.84,123.99,1.19,42.48
Annapurna,2025-02-02,8.53,448.28,0.21,223.36,279.0,0.86,36.0
Annapurna,2025-02-03,8.48,781.09,2.24,338.92,209.51,1.15,99.44
Annapurna,2025-02-04,7.4,227.64,0.49,77.85,95.28,0.48,20.81
Annapurna,2025-02-05,7.32,371.6,0.51,132.78,138.75,0.74,31.3
Annapurna,2025-02-06,6.89,542.7,2.9,224.01,278.08,0.94,45.35
Annapurna,2025-02-07,7.46,298.75,0.35,148.64,100.68,0.86,9.15
Annapurna,2025-02-08,6.62,264.14,0.74,129.71,73.8,0.69,15.31
Annapurna,2025-02-09,8.3,719.3,2.18,343.85,392.01,1.37,32.53
Annapurna,2025-02-10,7.45,502.01,0.88,179.17,215.06,1.1,16.84
Annapurna,2025-02-11,8.6,705.25,3.2,213.72,331.55,1.46,106.96
Annapurna,2025-02-12,9.28,546.06,5.32,132.65,367.05,0.71,102.02
Annapurna,2025-02-13,8.26,648.73,2.39,500.0,374.18,1.48,52.01
Annapurna,2025-02-14,8.61,825.17,4.41,147.84,393.23,1.72,62.51
Annapurna,2025-02-15,6.18,612.39,1.99,220.95,211.07,0.34,48.26
Annapurna,2025-02-16,7.61,378.85,2.21,239.92,224.55,0.88,65.92
Annapurna,2025-02-17,6.87,311.24,0.82,142.91,145.22,0.48,26.56
Annapurna,2025-02-18,7.44,423.95,0.21,113.92,176.49,0.48,8.35
Annapurna,2025-02-19,8.91,566.52,0.9,356.36,200.4,0.72,29.52
Annapurna,2025-02-20,6.89,343.93,0.37,197.17,113.96,0.28,13.69
Annapurna,2025-02-21,7.53,629.21,1.88,193.26,144.43,0.81,29.0
Annapurna,2025-02-22,7.14,315.23,0.4,122.19,163.4,0.52,9.12
Annapurna,2025-02-23,9.08,408.8,2.88,242.78,432.13,0.46,92.85
Annapurna,2025-02-24,7.54,319.24,0.27,135.53,144.29,0.4,25.71
Annapurna,2025-02-25,7.55,312.11,0.36,232.55,340.47,0.56,54.22
Annapurna,2025-02-26,7.03,756.34,4.59,297.52,201.02,1.06,61.33
Annapurna,2025-02-27,6.99,680.56,0.7,235.29,263.93,1.26,44.09
Annapurna,2025-02-28,6.62,227.19,0.77,156.28,134.06,0.72,24.05
Annapurna,2025-03-01,9.49,815.94,2.58,177.33,313.93,1.54,68.33
Annapurna,2025-03-02,8.54,538.49,1.93,359.21,474.62,1.06,61.84
Annapurna,2025-03-03,7.35,680.81,1.44,271.35,159.36,1.26,71.47
Annapurna,2025-03-04,7.47,455.69,1.04,189.81,356.8,0.95,52.57
Annapurna,2025-03-05,8.14,279.99,0.38,216.83,271.78,0.77,50.14
Annapurna,2025-03-06,8.54,721.16,4.23,231.73,620.84,1.09,38.2
Annapurna,2025-03-07,7.56,644.17,1.27,252.56,355.67,1.03,29.12
Annapurna,2025-03-08,7.63,434.61,0.56,217.0,290.51,0.65,44.8
Annapurna,2025-03-09,8.53,520.28,4.12,439.4,439.29,1.86,53.62
Annapurna,2025-03-10,8.02,570.45,1.72,148.84,291.49,0.64,33.73
Annapurna,2025-03-11,8.12,536.15,0.56,154.3,225.83,0.71,29.78
Annapurna,2025-03-12,7.61,595.72,0.59,261.61,509.95,1.23,41.45
Annapurna,2025-03-13,7.85,741.43,1.31,202.63,337.47,1.01,43.99
Annapurna,2025-03-14,6.64,596.15,1.14,195.43,231.3,0.99,37.35
Annapurna,2025-03-15,7.43,283.93,0.97,235.12,207.65,0.59,39.04
Annapurna,2025-03-16,7.24,498.4,1.52,246.42,327.94,1.19,33.82
Annapurna,2025-03-17,9.03,493.15,0.97,210.1,377.3,0.61,25.08
Annapurna,2025-03-18,8.19,526.82,1.85,175.4,339.71,0.99,64.49
Annapurna,2025-03-19,9.51,485.92,1.6,191.74,437.16,1.0,33.91
Annapurna,2025-03-20,7.78,503.16,2.16,337.42,466.26,1.35,48.31
Annapurna,2025-03-21,8.83,326.6,0.71,143.17,363.57,1.34,42.8
Annapurna,2025-03-22,6.86,401.13,0.78,205.28,260.51,1.14,38.51
Annapurna,2025-03-23,8.57,670.71,1.63,305.05,473.82,0.9,66.75
Annapurna,2025-03-24,7.45,315.96,0.67,116.97,157.2,0.54,24.08
Annapurna,2025-03-25,7.23,760.54,0.73,236.71,219.13,1.21,19.02
Annapurna,2025-03-26,6.93,326.98,0.24,136.4,116.15,0.78,23.7
Annapurna,2025-03-27,6.77,407.12,0.39,185.15,209.92,0.53,8.36
Annapurna,2025-03-28,7.21,427.16,0.35,175.04,103.14,0.46,20.23
Annapurna,2025-03-29,7.71,421.89,1.17,209.17,317.83,1.1,34.7
Annapurna,2025-03-30,7.66,454.64,0.48,107.01,201.62,0.78,16.09
Annapurna,2025-03-31,6.98,350.72,0.64,145.24,113.28,0.66,7.48
Annapurna,2025-04-01,6.52,362.3,0.29,96.82,135.46,0.91,25.69
Annapurna,2025-04-02,6.53,273.3,0.29,160.12,139.47,0.63,10.32
Annapurna,2025-04-03,7.09,663.29,1.31,262.65,219.1,0.92,57.73
Annapurna,2025-04-04,7.61,477.23,1.9,264.15,194.65,0.78,52.36
Annapurna,2025-04-05,6.53,290.0,0.92,191.14,166.72,1.21,19.04
Annapurna,2025-04-06,6.72,460.43,0.92,115.14,213.28,0.59,21.03
Annapurna,2025-04-07,7.96,169.7,0.45,166.82,85.79,0.51,11.31
Annapurna,2025-04-08,7.5,448.13,1.95,269.96,267.74,0.93,66.2
Annapurna,2025-04-09,7.27,367.52,0.41,123.74,131.74,0.84,28.35
Annapurna,2025-04-10,7.69,404.23,1.23,172.2,295.23,0.9,23.91
Sudama Nagar,2025-01-01,7.15,547.49,1.56,187.68,296.0,1.07,43.9
Sudama Nagar,2025-01-02,8.18,395.03,3.51,260.12,364.22,2.22,71.04
Sudama Nagar,2025-01-03,6.25,431.71,1.62,223.33,242.89,0.68,43.16
Sudama Nagar,2025-01-04,7.86,671.59,2.81,257.97,413.97,1.33,84.38
Sudama Nagar,2025-01-05,7.52,511.71,0.77,190.68,437.43,0.76,36.83
Sudama Nagar,2025-01-06,8.15,482.34,2.56,307.94,418.58,1.62,85.38
Sudama Nagar,2025-01-07,7.43,228.53,0.49,106.32,176.78,0.75,31.44
Sudama Nagar,2025-01-08,8.27,485.64,3.18,234.96,286.6,1.18,53.28
Sudama Nagar,2025-01-09,7.51,293.26,0.61,133.48,125.35,0.69,21.01
Sudama Nagar,2025-01-10,8.21,382.74,1.67,206.58,272.01,0.9,56.18
Sudama Nagar,2025-01-11,8.15,349.53,1.12,287.29,212.76,1.5,37.92
Sudama Nagar,2025-01-12,8.94,630.18,3.81,265.59,258.73,1.12,77.38
Sudama Nagar,2025-01-13,7.35,614.76,0.49,245.85,282.44,0.89,33.8
Sudama Nagar,2025-01-14,8.13,725.03,2.45,235.19,388.63,1.25,61.7
Sudama Nagar,2025-01-15,8.94,812.3,0.85,227.59,388.46,0.75,106.81
Sudama Nagar,2025-01-16,7.49,154.6,0.5,214.37,88.2,0.35,8.01
Sudama Nagar,2025-01-17,8.9,791.16,3.12,200.24,219.18,1.71,25.41
Sudama Nagar,2025-01-18,7.15,281.87,0.51,183.57,200.98,0.62,28.79
Sudama Nagar,2025-01-19,7.72,531.76,1.06,143.15,358.0,1.03,19.0
Sudama Nagar,2025-01-20,7.99,581.1,1.62,112.91,269.73,0.55,28.03
Sudama Nagar,2025-01-21,8.03,605.53,0.67,318.23,312.11,1.4,39.18
Sudama Nagar,2025-01-22,7.52,274.4,0.65,165.64,203.48,0.64,22.45
Sudama Nagar,2025-01-23,7.6,403.12,1.22,236.66,224.37,0.86,52.49
Sudama Nagar,2025-01-24,8.58,538.97,1.07,153.15,212.47,1.28,40.06
Sudama Nagar,2025-01-25,7.4,239.76,0.27,99.95,141.36,0.5,2.0
Sudama Nagar,2025-01-26,7.47,496.22,1.02,142.73,250.32,1.08,45.92
Sudama Nagar,2025-01-27,8.32,312.45,0.66,170.91,239.22,0.8,38.51
Sudama Nagar,2025-01-28,8.18,447.26,1.73,155.08,226.66,0.57,22.94
Sudama Nagar,2025-01-29,8.1,278.17,1.56,203.04,375.88,0.67,29.54
Sudama Nagar,2025-01-30,7.07,240.52,0.45,165.92,123.46,0.66,17.48
Sudama Nagar,2025-01-31,9.56,515.79,0.58,158.27,312.92,1.05,33.74
Sudama Nagar,2025-02-01,8.19,373.68,1.02,245.16,444.89,0.89,16.9
Sudama Nagar,2025-02-02,7.93,734.43,4.32,330.19,453.94,1.73,74.45
Sudama Nagar,2025-02-03,7.19,472.03,1.0,271.36,185.29,1.06,17.45
Sudama Nagar,2025-02-04,7.7,1021.59,2.08,342.24,404.93,1.37,76.36
Sudama Nagar,2025-02-05,6.96,214.37,0.83,196.54,185.29,0.54,17.55
Sudama Nagar,2025-02-06,7.41,477.83,0.56,201.01,75.7,0.44,27.16
Sudama Nagar,2025-02-07,7.44,638.92,2.46,301.37,319.76,1.5,74.2
Sudama Nagar,2025-02-08,7.56,488.17,1.47,237.57,331.49,0.7,30.07
Sudama Nagar,2025-02-09,7.38,513.61,0.05,122.45,257.58,0.97,32.46
Sudama Nagar,2025-02-10,8.18,431.32,1.54,231.26,192.88,0.95,23.3
Sudama Nagar,2025-02-11,8.13,467.02,1.81,244.26,368.14,0.87,58.19
Sudama Nagar,2025-02-12,8.78,689.33,0.05,223.71,458.24,1.48,39.1
Sudama Nagar,2025-02-13,7.84,737.16,0.94,217.94,350.92,0.8,22.88
Sudama Nagar,2025-02-14,6.97,303.14,0.62,137.73,135.39,0.57,28.38
Sudama Nagar,2025-02-15,6.83,957.61,2.24,238.4,426.92,1.22,41.44
Sudama Nagar,2025-02-16,8.03,666.08,0.57,190.61,298.1,0.59,45.83
Sudama Nagar,2025-02-17,6.26,363.88,0.63,148.21,81.93,0.53,21.5
Sudama Nagar,2025-02-18,8.3,562.45,1.6,292.27,348.84,0.91,37.98
Sudama Nagar,2025-02-19,8.73,896.12,4.87,199.29,377.47,0.47,68.85
Sudama Nagar,2025-02-20,6.99,462.93,2.03,230.53,286.3,0.67,25.63
Sudama Nagar,2025-02-21,6.94,272.46,0.4,127.19,134.26,0.71,9.5
Sudama Nagar,2025-02-22,7.09,188.31,0.56,146.5,86.81,0.56,24.78
Sudama Nagar,2025-02-23,6.96,546.35,0.68,265.31,284.05,1.01,32.83
Sudama Nagar,2025-02-24,7.93,397.79,1.56,205.72,296.39,0.71,45.0
Sudama Nagar,2025-02-25,7.62,579.98,0.85,253.21,80.47,0.77,24.14
Sudama Nagar,2025-02-26,7.77,468.74,0.93,222.34,362.06,1.27,40.16
Sudama Nagar,2025-02-27,8.35,868.49,3.28,302.13,310.27,1.07,54.0
Sudama Nagar,2025-02-28,8.35,499.93,1.25,314.76,327.04,0.68,42.76
Sudama Nagar,2025-03-01,7.87,785.17,1.8,283.35,446.64,1.48,43.41
Sudama Nagar,2025-03-02,7.79,909.43,2.42,355.97,383.67,1.72,41.81
Sudama Nagar,2025-03-03,7.53,430.39,1.22,283.11,249.67,1.22,59.43
Sudama Nagar,2025-03-04,8.42,638.31,2.71,402.18,316.95,1.16,63.49
Sudama Nagar,2025-03-05,8.95,1014.03,3.36,339.78,508.64,1.42,15.14
Sudama Nagar,2025-03-06,7.64,419.11,2.75,250.88,228.28,0.75,55.6
Sudama Nagar,2025-03-07,7.83,553.79,1.48,250.59,293.23,1.68,22.58
Sudama Nagar,2025-03-08,8.33,865.55,1.79,194.54,248.77,1.02,78.19
Sudama Nagar,2025-03-09,7.05,233.18,0.65,134.81,142.82,0.78,13.87
Sudama Nagar,2025-03-10,8.29,428.9,3.57,294.05,407.96,1.86,83.16
Sudama Nagar,2025-03-11,7.36,357.38,0.51,158.92,216.69,0.33,23.31
Sudama Nagar,2025-03-12,7.08,697.38,1.6,231.3,258.32,0.65,63.17
Sudama Nagar,2025-03-13,6.91,361.05,0.61,174.72,143.43,0.83,20.07
Sudama Nagar,2025-03-14,6.67,350.0,0.47,171.19,194.73,0.83,7.03
Sudama Nagar,2025-03-15,8.02,663.96,3.9,407.74,557.24,1.2,89.61
Sudama Nagar,2025-03-16,7.29,180.69,0.14,97.16,160.37,0.58,15.04
Sudama Nagar,2025-03-17,7.32,533.0,0.41,168.13,122.52,0.59,40.68
Sudama Nagar,2025-03-18,7.14,370.11,0.46,147.35,269.16,0.63,34.13
Sudama Nagar,2025-03-19,7.38,352.45,0.43,105.13,149.51,0.62,16.51
Sudama Nagar,2025-03-20,7.3,427.82,0.45,163.85,84.88,0.81,6.23
Sudama Nagar,2025-03-21,7.48,255.46,0.44,206.13,115.96,1.02,23.5
Sudama Nagar,2025-03-22,7.96,1142.98,3.24,308.89,348.64,1.63,49.25
Sudama Nagar,2025-03-23,7.13,482.68,2.13,217.57,249.51,0.8,51.48
Sudama Nagar,2025-03-24,8.32,458.51,1.25,270.47,319.19,1.04,8.24
Sudama Nagar,2025-03-25,8.37,605.22,1.18,328.63,466.66,0.83,55.9
Sudama Nagar,2025-03-26,7.16,413.4,0.73,252.27,116.15,0.73,37.29
Sudama Nagar,2025-03-27,7.27,312.62,0.39,105.71,222.22,0.56,19.23
Sudama Nagar,2025-03-28,6.93,481.93,1.33,168.05,226.31,0.76,31.83
Sudama Nagar,2025-03-29,8.05,475.05,0.39,257.34,273.85,1.06,31.01
Sudama Nagar,2025-03-30,8.25,523.62,1.97,250.28,439.22,0.72,76.85
Sudama Nagar,2025-03-31,7.16,251.94,0.78,182.06,98.56,0.49,40.48
Sudama Nagar,2025-04-01,7.43,507.68,1.59,225.18,235.26,1.38,22.49
Sudama Nagar,2025-04-02,7.52,471.93,0.61,170.88,329.72,1.01,37.86
Sudama Nagar,2025-04-03,7.51,618.06,1.06,194.11,347.4,0.87,57.38
Sudama Nagar,2025-04-04,7.69,377.05,3.58,171.3,489.81,1.17,79.05
Sudama Nagar,2025-04-05,7.04,287.38,0.75,147.42,381.85,0.79,48.36
Sudama Nagar,2025-04-06,7.21,486.68,0.57,183.5,159.28,0.72,17.26
Sudama Nagar,2025-04-07,7.28,308.64,0.4,208.32,130.81,0.65,18.5
Sudama Nagar,2025-04-08,7.88,433.84,0.78,190.48,150.98,0.7,28.02
Sudama Nagar,2025-04-09,6.95,419.64,0.94,175.58,176.15,0.61,23.13
Sudama Nagar,2025-04-10,6.91,280.62,0.42,112.38,127.8,0.44,36.73
Aerodrome,2025-01-01,7.55,259.52,0.77,178.17,107.15,0.82,17.73
Aerodrome,2025-01-02,8.13,699.08,2.9,354.96,222.23,1.55,60.33
Aerodrome,2025-01-03,8.73,955.41,3.96,393.83,487.04,2.03,73.76
Aerodrome,2025-01-04,7.31,297.54,0.38,188.71,152.21,0.96,7.0
Aerodrome,2025-01-05,7.77,428.3,1.02,225.9,383.52,1.36,37.16
Aerodrome,2025-01-06,7.29,335.06,0.35,198.16,198.96,0.41,12.54
Aerodrome,2025-01-07,8.35,443.58,1.09,231.78,294.7,1.06,13.55
Aerodrome,2025-01-08,8.71,702.19,2.41,210.99,284.69,1.64,72.98
Aerodrome,2025-01-09,7.41,560.84,0.05,264.91,272.1,0.89,52.76
Aerodrome,2025-01-10,9.35,571.97,2.62,316.54,306.08,1.17,60.88
Aerodrome,2025-01-11,6.45,553.41,1.68,277.1,352.35,0.76,57.36
Aerodrome,2025-01-12,8.61,547.05,1.11,227.15,357.04,0.76,28.22
Aerodrome,2025-01-13,6.48,454.15,0.5,212.82,393.85,1.0,67.96
Aerodrome,2025-01-14,7.06,561.02,0.26,345.54,265.54,0.73,16.89
Aerodrome,2025-01-15,6.76,361.54,0.54,182.62,157.01,0.36,28.77
Aerodrome,2025-01-16,6.5,391.99,0.36,181.84,132.66,0.91,17.08
Aerodrome,2025-01-17,7.37,348.72,0.46,138.66,138.07,0.4,19.33
Aerodrome,2025-01-18,7.45,482.77,1.54,219.67,361.69,0.93,35.23
Aerodrome,2025-01-19,7.24,396.7,1.43,236.36,277.09,0.33,13.22
Aerodrome,2025-01-20,7.54,517.17,1.46,239.48,84.37,1.29,26.93
Aerodrome,2025-01-21,8.83,867.6,1.9,222.9,196.53,1.17,49.45
Aerodrome,2025-01-22,7.61,319.06,0.54,166.44,96.42,0.54,19.07
Aerodrome,2025-01-23,7.78,707.63,0.99,244.35,353.05,0.48,28.42
Aerodrome,2025-01-24,8.98,625.37,1.78,322.01,364.1,1.56,46.38
Aerodrome,2025-01-25,9.78,1013.15,0.52,268.96,642.65,1.1,106.75
Aerodrome,2025-01-26,8.17,781.03,2.4,424.28,252.08,1.35,66.3
Aerodrome,2025-01-27,7.25,417.15,0.73,127.99,229.2,0.75,18.29
Aerodrome,2025-01-28,6.39,325.09,0.98,210.7,309.47,0.8,61.33
Aerodrome,2025-01-29,6.64,280.79,2.31,313.0,191.54,0.95,18.73
Aerodrome,2025-01-30,7.19,311.25,0.68,118.83,217.5,0.69,25.81
Aerodrome,2025-01-31,8.62,679.23,2.82,320.18,345.86,1.03,45.06
Aerodrome,2025-02-01,7.89,546.31,1.86,348.93,337.1,1.26,65.3
Aerodrome,2025-02-02,7.09,453.23,1.85,261.87,337.76,1.18,44.55
Aerodrome,2025-02-03,7.34,350.34,0.91,147.51,175.96,0.56,39.62
Aerodrome,2025-02-04,8.4,553.74,3.52,345.7,483.36,1.36,58.5
Aerodrome,2025-02-05,7.66,584.88,1.24,219.15,211.6,0.52,41.54
Aerodrome,2025-02-06,8.31,827.36,2.24,360.81,382.59,1.9,98.73
Aerodrome,2025-02-07,7.49,716.03,1.18,272.49,196.05,1.22,53.71
Aerodrome,2025-02-08,7.69,583.55,0.44,198.51,259.09,0.93,18.12
Aerodrome,2025-02-09,8.16,394.14,1.82,176.95,233.95,0.84,43.08
Aerodrome,2025-02-10,8.99,488.78,1.83,234.66,267.07,0.93,27.12
Aerodrome,2025-02-11,7.04,315.67,0.16,116.46,211.57,0.51,29.95
Aerodrome,2025-02-12,7.05,302.55,0.52,126.8,153.51,0.68,25.62
Aerodrome,2025-02-13,9.21,452.39,2.03,500.0,472.45,2.13,92.91
Aerodrome,2025-02-14,8.25,616.49,3.71,298.79,567.39,1.31,56.75
Aerodrome,2025-02-15,8.07,618.77,1.48,242.45,271.24,0.98,93.39
Aerodrome,2025-02-16,8.64,327.57,0.72,244.02,288.93,1.17,18.83
Aerodrome,2025-02-17,8.24,563.26,3.16,374.17,344.47,1.66,80.28
Aerodrome,2025-02-18,7.19,659.82,1.51,148.82,408.71,0.84,56.08
Aerodrome,2025-02-19,8.48,803.04,2.9,365.22,439.54,1.19,49.08
Aerodrome,2025-02-20,8.69,782.19,2.71,285.77,421.16,1.99,59.1
Aerodrome,2025-02-21,7.62,303.08,0.18,191.66,155.7,0.71,30.92
Aerodrome,2025-02-22,8.85,509.46,3.48,283.43,467.17,0.7,77.6
Aerodrome,2025-02-23,7.17,659.15,2.9,460.22,223.68,1.57,46.77
Aerodrome,2025-02-24,7.12,116.26,1.48,121.67,209.45,0.82,16.64
Aerodrome,2025-02-25,7.38,484.77,0.42,233.06,205.29,0.84,42.41
Aerodrome,2025-02-26,7.8,396.51,1.31,124.24,326.51,0.96,71.13
Aerodrome,2025-02-27,8.55,573.15,0.93,271.86,252.19,0.84,45.13
Aerodrome,2025-02-28,7.84,509.79,3.55,233.8,317.88,1.49,59.96
Aerodrome,2025-03-01,7.45,407.32,1.18,150.95,189.38,1.48,25.09
Aerodrome,2025-03-02,7.32,279.4,0.41,107.93,164.73,0.78,30.31
Aerodrome,2025-03-03,6.81,293.33,0.9,82.63,157.82,0.94,17.17
Aerodrome,2025-03-04,8.2,812.06,3.33,194.16,402.25,0.5,62.53
Aerodrome,2025-03-05,7.07,263.87,0.97,66.79,142.82,0.91,20.97
Aerodrome,2025-03-06,7.58,558.01,0.72,206.16,162.81,1.15,40.4
Aerodrome,2025-03-07,6.91,506.06,0.94,151.14,302.8,1.4,34.29
Aerodrome,2025-03-08,6.65,365.45,1.54,217.68,231.85,1.01,52.66
Aerodrome,2025-03-09,7.17,371.12,0.47,105.44,68.02,0.84,24.93
Aerodrome,2025-03-10,6.76,326.02,0.29,110.92,68.03,0.59,19.74
Aerodrome,2025-03-11,8.12,843.09,3.85,374.07,447.05,1.3,45.38
Aerodrome,2025-03-12,8.47,517.06,1.31,186.63,111.58,1.11,55.31
Aerodrome,2025-03-13,7.56,936.48,2.48,239.24,378.64,0.76,42.43
Aerodrome,2025-03-14,8.0,538.8,1.36,310.71,348.71,1.47,30.31
Aerodrome,2025-03-15,7.78,504.57,2.53,255.19,548.37,1.04,37.02
Aerodrome,2025-03-16,6.91,391.49,1.06,207.28,227.24,1.08,39.87
Aerodrome,2025-03-17,8.2,694.92,3.86,346.38,317.71,0.94,81.36
Aerodrome,2025-03-18,8.63,845.4,2.62,316.0,375.02,0.83,61.51
Aerodrome,2025-03-19,8.03,416.86,1.45,369.6,425.47,1.25,54.82
Aerodrome,2025-03-20,6.98,322.22,0.3,178.76,148.24,0.6,19.89
Aerodrome,2025-03-21,7.43,383.08,0.98,285.25,194.4,0.99,60.43
Aerodrome,2025-03-22,7.28,371.31,0.93,176.67,277.61,0.57,47.71
Aerodrome,2025-03-23,7.23,377.12,0.65,101.81,165.8,0.81,13.17
Aerodrome,2025-03-24,7.45,232.17,0.5,194.27,115.05,0.88,17.31
Aerodrome,2025-03-25,6.97,231.79,1.25,187.87,270.54,1.19,29.71
Aerodrome,2025-03-26,6.55,431.19,0.72,134.45,126.3,0.65,34.36
Aerodrome,2025-03-27,8.45,571.17,0.74,278.61,279.94,0.78,47.94
Aerodrome,2025-03-28,8.08,901.04,0.45,252.24,266.92,1.38,56.57
Aerodrome,2025-03-29,7.42,284.98,0.05,128.96,114.97,0.73,13.56
Aerodrome,2025-03-30,9.39,643.06,1.86,329.27,343.92,1.12,60.96
Aerodrome,2025-03-31,9.31,811.3,3.96,372.22,259.11,1.46,82.01
Aerodrome,2025-04-01,7.55,345.63,0.51,166.39,149.19,0.5,14.16
Aerodrome,2025-04-02,7.45,323.29,0.28,142.58,163.33,0.84,25.34
Aerodrome,2025-04-03,8.7,581.19,1.48,264.63,536.21,1.17,109.03
Aerodrome,2025-04-04,7.27,994.7,1.07,210.01,238.42,1.43,68.33
Aerodrome,2025-04-05,7.55,497.98,1.21,135.93,245.87,0.95,39.55
Aerodrome,2025-04-06,6.58,505.2,1.54,245.47,260.16,0.79,46.99
Aerodrome,2025-04-07,7.42,431.88,0.69,174.78,109.94,0.66,15.74
Aerodrome,2025-04-08,8.79,709.73,2.63,233.08,631.76,0.81,39.04
Aerodrome,2025-04-09,8.22,616.08,1.18,138.93,261.49,1.31,61.09
Aerodrome,2025-04-10,7.84,586.96,1.09,195.48,301.09,1.15,47.04
Kanadia,2025-01-01,8.05,762.66,3.61,279.26,520.83,0.69,109.37
Kanadia,2025-01-02,8.43,719.11,1.86,295.95,512.78,1.34,49.13
Kanadia,2025-01-03,7.83,457.01,1.61,211.88,312.48,1.19,29.76
Kanadia,2025-01-04,7.16,379.97,0.83,170.2,283.43,0.91,29.67
Kanadia,2025-01-05,7.24,969.07,0.53,367.49,472.11,1.41,54.54
Kanadia,2025-01-06,7.38,268.59,0.6,167.97,184.13,0.58,22.27
Kanadia,2025-01-07,8.91,791.5,1.48,274.29,481.91,1.34,86.72
Kanadia,2025-01-08,7.08,344.94,0.5,156.53,117.01,0.76,19.38
Kanadia,2025-01-09,6.61,265.01,0.61,179.58,175.86,1.0,19.06
Kanadia,2025-01-10,7.92,582.88,2.17,440.17,369.24,1.43,75.83
Kanadia,2025-01-11,7.7,874.24,1.69,217.2,408.73,0.68,76.79
Kanadia,2025-01-12,5.85,310.05,0.85,187.06,198.77,1.17,50.15
Kanadia,2025-01-13,8.01,306.61,0.87,345.68,235.66,1.7,63.63
Kanadia,2025-01-14,7.38,259.26,0.63,110.4,140.45,0.84,19.54
Kanadia,2025-01-15,7.62,934.18,0.89,362.03,210.56,1.52,60.85
Kanadia,2025-01-16,8.56,639.65,1.13,142.99,236.0,0.58,21.12
Kanadia,2025-01-17,7.02,468.43,0.8,170.6,167.84,0.69,22.44
Kanadia,2025-01-18,7.81,439.45,1.2,196.27,237.99,0.78,45.02
Kanadia,2025-01-19,8.57,838.17,2.8,351.97,476.01,1.2,75.51
Kanadia,2025-01-20,6.59,321.96,0.25,168.25,203.84,0.62,30.88
Kanadia,2025-01-21,8.78,250.77,0.05,217.49,414.9,1.84,42.47
Kanadia,2025-01-22,6.9,198.93,0.64,162.35,112.34,0.82,26.44
Kanadia,2025-01-23,8.03,618.47,0.73,177.32,223.49,0.93,38.9
Kanadia,2025-01-24,7.91,475.05,2.39,214.57,243.37,0.79,62.56
Kanadia,2025-01-25,8.01,574.53,2.1,225.57,429.52,1.41,91.78
Kanadia,2025-01-26,7.43,582.14,1.99,305.59,432.09,0.95,79.46
Kanadia,2025-01-27,6.5,309.3,0.45,128.01,113.46,0.65,13.61
Kanadia,2025-01-28,8.52,758.46,3.08,384.65,397.57,1.87,83.16
Kanadia,2025-01-29,8.74,462.68,1.94,296.63,486.84,1.97,55.32
Kanadia,2025-01-30,7.74,459.32,1.59,273.89,309.93,0.98,60.47
Kanadia,2025-01-31,8.89,655.15,1.7,233.7,255.86,1.15,71.23
Kanadia,2025-02-01,8.29,1081.78,3.48,133.04,343.47,0.67,45.99
Kanadia,2025-02-02,8.52,142.01,1.22,152.8,220.92,0.81,66.88
Kanadia,2025-02-03,7.79,641.21,4.49,191.29,259.64,1.27,110.08
Kanadia,2025-02-04,8.37,712.51,2.84,233.11,373.96,1.43,68.54
Kanadia,2025-02-05,8.59,586.74,1.79,209.48,408.39,0.92,41.45
Kanadia,2025-02-06,7.41,256.12,0.6,151.83,118.84,0.6,26.92
Kanadia,2025-02-07,8.48,429.45,3.5,238.3,409.03,1.71,83.51
Kanadia,2025-02-08,9.4,771.87,1.9,339.66,409.08,0.7,82.26
Kanadia,2025-02-09,7.44,523.09,1.93,175.13,349.67,0.82,49.66
Kanadia,2025-02-10,7.62,301.86,0.57,165.46,316.23,0.91,38.47
Kanadia,2025-02-11,7.59,618.42,1.84,231.78,281.65,0.35,27.82
Kanadia,2025-02-12,6.29,370.72,1.4,207.48,432.63,0.86,31.26
Kanadia,2025-02-13,8.39,269.18,0.5,165.56,258.82,0.7,43.08
Kanadia,2025-02-14,7.58,722.98,0.97,203.41,255.82,0.99,45.02
Kanadia,2025-02-15,7.29,280.89,0.67,158.44,223.3,0.42,19.02
Kanadia,2025-02-16,8.53,457.69,2.01,196.26,394.88,0.75,72.77
Kanadia,2025-02-17,8.14,511.65,0.89,233.36,231.9,0.82,15.2
Kanadia,2025-02-18,6.98,504.4,1.51,224.03,234.37,0.25,38.58
Kanadia,2025-02-19,8.21,689.5,1.6,172.34,262.05,0.81,56.96
Kanadia,2025-02-20,7.51,321.59,0.78,136.9,200.53,0.4,7.01
Kanadia,2025-02-21,9.1,116.53,2.8,299.87,414.0,1.32,38.47
Kanadia,2025-02-22,8.78,817.79,1.49,360.0,368.63,1.21,106.95
Kanadia,2025-02-23,8.09,744.78,1.24,50.0,356.58,0.81,25.98
Kanadia,2025-02-24,7.03,250.21,0.9,192.68,166.11,0.58,14.53
Kanadia,2025-02-25,7.46,264.54,0.6,194.56,68.1,0.62,9.34
Kanadia,2025-02-26,8.41,398.93,0.94,255.75,252.13,1.01,41.44
Kanadia,2025-02-27,7.26,450.41,1.6,210.32,140.62,0.44,29.32
Kanadia,2025-02-28,8.08,531.67,0.79,286.83,250.91,1.45,13.46
Kanadia,2025-03-01,7.53,482.4,0.98,378.87,317.36,0.85,22.16
Kanadia,2025-03-02,8.46,414.39,2.63,253.41,293.91,1.05,44.06
Kanadia,2025-03-03,7.25,457.3,1.15,99.21,256.32,1.16,21.98
Kanadia,2025-03-04,8.49,805.68,1.37,244.32,431.1,0.95,67.17
Kanadia,2025-03-05,6.88,376.29,1.82,194.17,366.21,1.15,2.0
Kanadia,2025-03-06,8.07,634.5,0.59,343.39,600.01,1.03,112.67
Kanadia,2025-03-07,7.62,585.89,1.77,308.7,296.41,0.9,53.49
Kanadia,2025-03-08,8.0,656.13,1.27,180.43,141.26,0.75,39.96
Kanadia,2025-03-09,7.14,509.05,0.73,253.2,323.84,0.9,50.61
Kanadia,2025-03-10,8.17,832.87,2.27,216.8,544.33,0.65,95.37
Kanadia,2025-03-11,8.03,460.79,1.07,212.83,261.26,0.9,55.15
Kanadia,2025-03-12,9.37,920.25,2.02,356.76,472.36,1.21,58.23
Kanadia,2025-03-13,9.07,1165.04,1.17,160.7,433.24,1.17,71.32
Kanadia,2025-03-14,7.7,1015.69,3.11,270.7,443.71,1.94,49.24
Kanadia,2025-03-15,7.84,412.29,0.87,242.76,287.99,0.62,31.46
Kanadia,2025-03-16,7.94,547.05,1.26,264.47,228.74,1.05,20.52
Kanadia,2025-03-17,6.66,457.89,1.09,141.78,205.02,1.15,41.46
Kanadia,2025-03-18,8.95,781.18,1.04,308.82,665.37,1.72,48.44
Kanadia,2025-03-19,8.17,527.51,1.14,288.71,245.79,0.74,51.44
Kanadia,2025-03-20,7.66,596.24,1.44,219.11,293.05,1.03,8.53
Kanadia,2025-03-21,9.04,943.43,0.14,443.65,229.4,1.08,64.18
Kanadia,2025-03-22,9.57,461.52,3.32,228.8,336.06,1.08,73.96
Kanadia,2025-03-23,7.91,408.21,0.72,240.67,267.72,1.16,24.41
Kanadia,2025-03-24,7.44,259.74,1.65,163.62,285.01,0.91,64.43
Kanadia,2025-03-25,7.59,451.62,0.48,219.4,210.42,1.12,71.14
Kanadia,2025-03-26,7.79,360.2,1.35,203.48,324.5,0.67,38.79
Kanadia,2025-03-27,7.53,544.4,4.09,247.47,183.8,1.46,42.9
Kanadia,2025-03-28,7.98,551.88,0.33,274.66,315.47,0.78,14.87
Kanadia,2025-03-29,7.17,333.47,0.43,154.58,87.94,0.98,9.22
Kanadia,2025-03-30,8.32,894.95,2.46,280.51,513.87,2.03,45.58
Kanadia,2025-03-31,7.98,548.54,0.8,273.33,202.03,0.92,29.67
Kanadia,2025-04-01,8.78,585.98,3.7,425.07,373.71,0.53,51.24
Kanadia,2025-04-02,9.28,315.31,1.03,262.41,211.33,0.8,46.9
Kanadia,2025-04-03,8.87,700.88,3.53,367.31,514.9,1.08,85.67
Kanadia,2025-04-04,7.02,265.35,0.35,97.66,107.79,0.6,21.7
Kanadia,2025-04-05,7.53,419.29,1.9,180.47,390.02,1.23,30.88
Kanadia,2025-04-06,8.58,814.94,4.2,323.25,464.61,1.19,37.76
Kanadia,2025-04-07,7.95,391.91,0.95,210.3,161.24,0.98,33.25
Kanadia,2025-04-08,6.89,336.89,0.55,178.29,157.25,0.6,37.19
Kanadia,2025-04-09,9.0,684.68,1.8,272.51,426.7,1.68,65.03
Kanadia,2025-04-10,7.26,627.66,1.49,232.29,149.44,0.77,44.17
Silicon City,2025-01-01,8.7,723.29,1.75,278.37,313.26,1.3,68.24
Silicon City,2025-01-02,8.76,500.87,0.86,129.04,314.08,0.88,46.35
Silicon City,2025-01-03,7.1,492.19,1.1,241.17,256.34,0.77,43.12
Silicon City,2025-01-04,9.33,468.48,1.09,188.19,343.37,0.68,43.18
Silicon City,2025-01-05,7.06,278.21,0.58,90.86,204.11,0.71,28.98
Silicon City,2025-01-06,8.75,178.93,0.78,187.05,310.72,1.0,35.5
Silicon City,2025-01-07,9.75,680.4,3.45,230.87,231.32,1.62,75.92
Silicon City,2025-01-08,7.4,602.64,1.32,193.02,337.27,1.11,27.73
Silicon City,2025-01-09,7.73,456.85,0.5,264.33,190.44,0.63,32.0
Silicon City,2025-01-10,8.49,791.67,1.88,413.19,322.96,1.7,68.7
Silicon City,2025-01-11,6.54,827.0,1.64,195.18,251.86,0.89,65.6
Silicon City,2025-01-12,7.51,339.4,0.52,173.41,103.03,0.6,33.18
Silicon City,2025-01-13,8.24,1003.34,4.28,344.81,496.98,1.38,37.6
Silicon City,2025-01-14,6.86,326.95,0.71,183.63,212.79,0.64,29.55
Silicon City,2025-01-15,8.74,663.16,1.44,360.52,527.51,2.17,70.28
Silicon City,2025-01-16,7.02,584.59,1.38,153.94,366.61,1.46,40.21
Silicon City,2025-01-17,8.7,634.93,2.72,338.94,384.0,1.54,66.4
Silicon City,2025-01-18,7.25,297.58,0.73,220.37,94.0,0.63,10.56
Silicon City,2025-01-19,8.87,816.69,2.64,340.18,424.59,1.25,72.82
Silicon City,2025-01-20,8.64,504.58,1.43,280.74,208.81,0.92,31.21
Silicon City,2025-01-21,7.94,374.31,1.8,125.81,337.33,1.16,39.77
Silicon City,2025-01-22,6.34,529.58,1.07,187.44,260.84,1.02,9.79
Silicon City,2025-01-23,7.28,432.22,0.61,132.98,373.05,1.15,50.18
Silicon City,2025-01-24,7.56,726.15,0.82,205.03,250.93,0.46,33.34
Silicon City,2025-01-25,8.7,838.75,2.83,332.9,534.61,1.02,68.29
Silicon City,2025-01-26,7.55,596.57,0.49,150.62,310.52,0.93,31.17
Silicon City,2025-01-27,8.76,502.18,2.08,190.26,232.84,0.65,49.64
Silicon City,2025-01-28,8.03,618.87,1.11,173.27,336.92,1.25,20.53
Silicon City,2025-01-29,7.38,374.44,1.36,241.76,244.5,1.46,51.53
Silicon City,2025-01-30,8.19,711.38,2.22,218.9,218.44,1.12,82.95
Silicon City,2025-01-31,8.69,515.51,1.33,356.76,493.76,1.13,50.02
Silicon City,2025-02-01,8.45,375.97,1.18,234.36,323.71,0.99,42.96
Silicon City,2025-02-02,9.57,909.1,2.54,309.12,576.36,1.6,40.42
Silicon City,2025-02-03,8.32,350.23,1.38,235.82,182.85,0.85,28.91
Silicon City,2025-02-04,8.32,330.33,4.01,190.45,437.48,1.38,65.92
Silicon City,2025-02-05,7.22,295.08,0.49,163.06,120.34,0.6,20.97
Silicon City,2025-02-06,8.17,419.12,1.72,429.69,328.09,1.27,93.32
Silicon City,2025-02-07,8.11,411.42,0.69,320.72,413.54,1.15,31.86
Silicon City,2025-02-08,7.91,744.92,1.34,333.04,700.0,1.69,62.9
Silicon City,2025-02-09,7.57,332.43,0.48,141.72,101.02,0.73,14.81
Silicon City,2025-02-10,6.86,313.67,1.3,267.54,308.61,1.03,33.67
Silicon City,2025-02-11,8.77,687.71,2.24,278.84,453.09,0.97,43.48
Silicon City,2025-02-12,8.79,425.26,1.37,245.09,222.14,0.84,39.98
Silicon City,2025-02-13,6.9,270.33,0.4,172.02,88.49,0.73,25.48
Silicon City,2025-02-14,6.94,163.47,0.69,199.39,172.32,0.37,19.81
Silicon City,2025-02-15,7.1,221.7,0.68,109.46,137.99,0.5,21.01
Silicon City,2025-02-16,7.35,247.46,0.05,173.81,169.76,0.85,3.28
Silicon City,2025-02-17,8.04,954.74,4.34,289.83,434.74,0.95,62.06
Silicon City,2025-02-18,7.99,792.59,0.69,344.59,428.34,1.21,32.3
Silicon City,2025-02-19,6.66,366.71,0.49,163.81,144.42,0.69,18.17
Silicon City,2025-02-20,8.54,530.63,1.28,221.48,369.96,1.07,60.84
Silicon City,2025-02-21,7.43,578.1,0.7,225.35,266.41,1.11,34.65
Silicon City,2025-02-22,8.81,585.26,3.31,290.93,563.46,1.18,34.22
Silicon City,2025-02-23,7.13,406.72,0.46,198.03,185.67,0.63,5.49
Silicon City,2025-02-24,7.15,298.27,0.64,119.27,201.73,0.73,26.68
Silicon City,2025-02-25,7.19,539.84,0.13,202.23,189.1,0.9,52.7
Silicon City,2025-02-26,7.7,767.35,2.7,488.16,305.49,1.21,50.38
Silicon City,2025-02-27,7.15,180.96,0.4,144.17,176.64,0.68,32.86
Silicon City,2025-02-28,9.1,720.78,1.72,281.55,261.32,1.26,68.44
Silicon City,2025-03-01,7.73,483.96,1.94,248.7,269.48,1.0,42.43
Silicon City,2025-03-02,6.67,317.16,0.39,65.32,138.69,0.64,18.25
Silicon City,2025-03-03,7.86,471.49,1.02,122.77,221.68,0.9,36.28
Silicon City,2025-03-04,8.51,337.29,0.63,243.42,392.58,0.81,44.19
Silicon City,2025-03-05,7.74,866.14,1.98,188.17,549.01,2.02,95.86
Silicon City,2025-03-06,6.61,226.2,0.84,133.75,178.41,0.65,14.56
Silicon City,2025-03-07,7.48,1066.4,4.49,290.82,342.25,1.54,58.05
Silicon City,2025-03-08,8.06,236.21,0.95,161.64,248.37,0.92,54.0
Silicon City,2025-03-09,7.89,567.98,1.96,160.47,245.98,1.14,44.72
Silicon City,2025-03-10,7.78,392.52,0.96,224.53,283.92,1.25,33.86
Silicon City,2025-03-11,7.87,702.57,3.41,412.91,472.92,1.27,92.55
Silicon City,2025-03-12,7.91,153.72,1.24,243.06,328.33,1.1,52.38
Silicon City,2025-03-13,8.74,509.29,1.35,133.84,232.8,0.9,53.75
Silicon City,2025-03-14,7.88,698.07,1.68,365.53,315.46,1.26,83.79
Silicon City,2025-03-15,6.95,346.1,0.6,179.86,173.02,0.61,16.3
Silicon City,2025-03-16,8.89,946.81,1.57,423.69,369.65,2.0,59.2
Silicon City,2025-03-17,7.45,319.08,0.62,117.04,151.78,0.74,10.79
Silicon City,2025-03-18,7.39,624.0,0.87,268.43,326.47,0.89,26.99
Silicon City,2025-03-19,8.04,669.19,2.43,180.35,439.17,1.27,97.21
Silicon City,2025-03-20,8.17,463.48,1.34,234.23,246.02,1.13,59.86
Silicon City,2025-03-21,6.71,181.51,0.95,293.21,236.68,0.83,33.76
Silicon City,2025-03-22,7.55,474.43,0.93,265.64,218.05,0.99,46.06
Silicon City,2025-03-23,8.47,438.78,1.58,384.92,453.29,1.08,89.04
Silicon City,2025-03-24,8.03,588.15,0.97,182.61,220.9,0.69,47.99
Silicon City,2025-03-25,8.0,265.59,0.42,96.96,150.78,0.64,25.23
Silicon City,2025-03-26,6.89,383.82,0.29,177.03,208.74,0.71,18.9
Silicon City,2025-03-27,7.86,573.83,1.16,209.32,192.53,0.88,26.55
Silicon City,2025-03-28,7.37,310.15,0.76,158.83,164.12,0.54,9.35
Silicon City,2025-03-29,7.43,506.29,0.94,168.21,193.29,1.64,34.23
Silicon City,2025-03-30,6.87,435.22,0.89,228.52,291.65,0.8,28.07
Silicon City,2025-03-31,7.05,694.47,0.96,284.78,359.49,0.7,53.5
Silicon City,2025-04-01,6.52,410.02,1.25,159.61,300.18,1.11,30.88
Silicon City,2025-04-02,6.83,531.4,1.42,211.01,332.42,0.78,43.05
Silicon City,2025-04-03,7.42,292.94,0.46,247.06,250.22,0.84,26.89
Silicon City,2025-04-04,7.45,530.55,1.67,236.72,146.21,1.2,52.06
Silicon City,2025-04-05,6.62,703.71,1.8,234.44,261.22,0.62,33.03
Silicon City,2025-04-06,7.99,445.83,0.65,186.81,193.13,0.84,31.91
Silicon City,2025-04-07,8.15,342.52,0.69,126.74,170.19,0.62,13.73
Silicon City,2025-04-08,9.46,596.59,3.37,335.67,381.27,1.79,60.76
Silicon City,2025-04-09,8.44,848.99,2.69,238.98,380.17,1.35,83.58
Silicon City,2025-04-10,7.85,553.11,1.02,226.24,303.6,0.7,40.52
